PMID	Terms	CUI	Score	Type	Misc	Location	Paths
28303019	*Optogenetics	C3494301	613216	MH	RtM via: Optogenetics;Forced Leaf Node Lookup:optogenetics	TI;AB	MM;RC	"711^11^0;363^12^0;120^12^0;36^12^0;520^12^0
"
28303019	*Neuroscience	C0027910	291822	ET	"Entry Term Replacement for ""Neurosciences"";RtM via: Neuroscience discipline"	TI	MM;RC	"93^12^0
"
28303019	Opsin	C2355587	41470	ET	"Entry Term Replacement for ""Opsins"";RtM via: Opsins"	AB	MM;RC	"410^5^0
"
28303019	Brain	C0006104	5439	MH	RtM via: Brain	AB	MM;RC	"896^5^0
"
28303019	Rod Opsins	C0069580	990	MH	RtM via: Rod Opsins	AB	MM	"410^5^0
"
29096079	*Neurons	C0027882	418224	MH	RtM via: Neurons;RtM via: neuronal;Forced Non-Leaf Node Lookup:neurons	TI;AB	MM;RC	"753^7^0;699^6^0;436^7^0;102^7^0;52^7^0;347^8^0
"
29096079	*Signal Transduction	C0037083	182733	MH	RtM via: Signal Transduction;RtM via: neuronal signal transduction	TI;AB	MM;RC	"423^9^0;39^9^0;196^18^0
"
29096079	*Neuroscience	C0027910	162132	ET	"Entry Term Replacement for ""Neurosciences"";RtM via: Neuroscience discipline"	TI	MM;RC	"82^12^0
"
29096079	Organelle	C0029219	16364	ET	"Entry Term Replacement for ""Organelles"";RtM via: Organelles;RtM via: Cytoplasmic organelle"	AB	MM;RC	"581^9^0
"
29096079	Protein Transport	C0599895	7641	MH	RtM via: trafficking	AB	MM;RC	"564^11^0
"
29096079	*Biological Processes	C3714634	1833	ET	"Entry Term Replacement for ""Biological Phenomena"";RtM via: biological signaling;RtM via: Biological Processes;Forced Non-Leaf Node Lookup:biological processes"	TI;AB	MM	"423^9^0;39^9^0;496^20^0
"
29432512	Psychoanalysis	C0033884	245516	MH	RtM via: Psychoanalytic psychiatry	AB	MM;RC	"1435^14^0;1006^14^0;377^14^0
"
29432512	Psychoanalytic Theory	C0033886	228135	MH	RtM via: Psychoanalytic Theory	AB	MM;RC	"137^21^0
"
29432512	*Emotions	C0013987	56655	MH	RtM via: Emotions;Forced Non-Leaf Node Lookup:emotions	TI;AB	MM;RC	"1289^9^0;1036^9^0;886^9^0;593^9^0;42^8^0
"
29432512	Psychoanalytic Therapy	C0033887	54194	MH			"RC
"
29432512	Neuroscience	C0027910	53216	ET	"Entry Term Replacement for ""Neurosciences"";RtM via: Neuroscience discipline"	AB	MM;RC	"771^12^0;360^12^0
"
29432512	Neurobiology	C0027817	9054	MH	RtM via: Neurobiology	AB	MM;RC	"934^12^0
"
29432512	Memory	C0025260	5721	MH	RtM via: Memory;RtM via: Memory observations	AB	MM;RC	"544^6^0
"
29432512	Empathy	C0013989	5282	MH	RtM via: Empathy	AB	MM;RC	"560^7^0
"
29432512	Motivations	C0026605	4197	ET	"Entry Term Replacement for ""Motivation"";RtM via: Motivation"	AB	MM;RC	"1303^12^0;1120^12^0;603^12^0
"
29460160	Humans	C0086418	366576	CT	Forced Leaf Node Lookup:humans;CT Text Lookup: human;CT Text Lookup: patient	TI;AB	MM;RC	"31^5^0;157^5^0;203^5^0;301^5^0;1064^5^0;1387^7^0
"
29460160	Human Experimentation	C0020123	365576	MH	RtM via: Human Experimentation	AB	MM;RC	"378^21^0
"
29460160	Nazi	C0949876	93461	ET	"Entry Term Replacement for ""National Socialism"";RtM via: Nazis"	AB	MM;RC	"973^4^0;803^4^0
"
29460160	Informed Consent	C0021430	91683	MH	RtM via: Informed Consent	AB	MM;RC	"1166^16^0
"
29460160	Ethics, Medical	C0015004	48289	MH			"RC
"
29460160	*Neuroscience	C0027910	31440	ET	"Entry Term Replacement for ""Neurosciences"";RtM via: Neuroscience discipline"	TI;AB	MM;RC	"691^12^0;483^12^0;62^12^0
"
29460160	Morals	C0026532	7434	MH	RtM via: Morality	AB	MM;RC	"1041^7^0;669^7^0;356^7^0
"
29924477	Humans	C0086418	577612	CT	CT Text Lookup: human;CT Text Lookup: humans;CT Text Lookup: patient;CT Text Lookup: patients	AB	MM;RC	"242^6^0;1328^8^0
"
29924477	Animals	C0003062	577612	CT	CT Text Lookup: primate	AB	MM;RC	"223^8^0
"
29924477	*Neuroscience	C0027910	576612	ET	"Entry Term Replacement for ""Neurosciences"";RtM via: Neuroscience discipline"	TI;AB	MM;RC	"398^12^0;28^12^0
"
29924477	Brain Mapping	C0006117	125476	MH			"RC
"
29924477	Brain	C0006104	103817	MH	RtM via: Brain	AB	MM;RC	"932^5^0;838^5^0
"
29924477	Functions, Cognitive	C0009240	26986	ET	"Entry Term Replacement for ""Cognition"";RtM via: Cognition;RtM via: Cognitive functions"	AB	MM;RC	"569^19^0
"
29924477	Cerebral Cortex	C0007776	14199	MH	RtM via: Cerebral cortex	AB	MM;RC	"773^8^0;204^15^0
"
29924477	Electrical Stimulation	C0013786	8859	ET	"Entry Term Replacement for ""Electric Stimulation"";RtM via: Electric stimulation technique"	AB	MM;RC	"1258^22^0
"
29766913	Humans	C0086418	173338	CT	CT Text Lookup: patient;CT Text Lookup: patients	AB	MM;RC	"1433^8^0
"
29766913	*Telemedicine	C0162648	172338	MH	RtM via: Telemedicine;Forced Non-Leaf Node Lookup:telemedicine	TI;AB	MM;RC	"1169^12^0;1052^12^0;899^12^0;21^12^0;1269^12^0
"
29766913	*Neurosciences	C0027910	61356	MH	RtM via: Neuroscience discipline;Forced Non-Leaf Node Lookup:neurosciences	TI;AB	MM;RC	"1217^13^0;1096^13^0;844^13^0;38^13^0
"
29766913	Videoconferencing	C1450048	21748	MH	RtM via: videoconferencing communications	AB	MM;RC	"510^18^0
"
29766913	Delivery, Healthcare	C0011211	10824	ET	"Entry Term Replacement for ""Delivery of Health Care"";RtM via: Delivery of Health Care;RtM via: Health Care Systems"	AB	MM;RC	"971^19^0;991^6^1
"
29766913	India	C0021201	5	MH	RtM via: India	AB	MM	"1185^5^0;150^5^0
"
29110344	*Brain	C0006104	290142	MH	RtM via: Brain;Forced Non-Leaf Node Lookup:brain	TI;AB	MM;RC	"1233^5^0;531^5^0;135^5^0;53^5^0;735^5^0
"
29110344	*Energy Metabolism	C0014272	171273	MH	RtM via: Energy Metabolism;RtM via: Bioenergetics;Forced Non-Leaf Node Lookup:energy metabolisms	TI;AB	MM;RC	"1239^17^0;619^17^0;141^17^0;59^17^0;1046^13^0
"
29110344	Neuroscience	C0027910	151661	ET	"Entry Term Replacement for ""Neurosciences"";RtM via: Neuroscience discipline"	AB	MM;RC	"84^12^0
"
29110344	*Neurochemistry	C0027820	47295	MH	RtM via: brain metabolism	TI;AB	MM	"1233^5^1;1246^10^1;135^5^1;148^10^1;53^5^1;66^10^1
"
29110344	Neurons	C0027882	23440	MH	RtM via: Neurons	AB	MM;RC	"437^7^0
"
29110344	Cells, Glial	C0027836	20203	ET	"Entry Term Replacement for ""Neuroglia"";RtM via: Neuroglia"	AB	MM;RC	"446^11^0
"
29110344	Neurology	C0027855	12328	MH	RtM via: Neurology speciality	AB	MM;RC	"1121^9^0
"
29110344	Molecular Biology	C0026376	6866	MH	RtM via: Molecular Biology	AB	MM;RC	"1079^17^0
"
29096071	*Neuroscience	C0027910	904926	ET	"Entry Term Replacement for ""Neurosciences"";RtM via: Neuroscience discipline"	TI;AB	MM;RC	"662^12^0;60^12^0;31^12^0
"
29096071	Brain	C0006104	75939	MH	RtM via: Brain	AB	MM;RC	"486^5^0;329^5^0;176^5^0;133^5^0
"
29096071	Neuronal Plasticity	C0027880	71548	MH			"RC
"
29121942	Humans	C0086418	131256	CT	CT Text Lookup: human;CT Text Lookup: individuals	AB	MM;RC	"655^5^0;245^11^0
"
29121942	*Brain-Computer Interfaces	C3494288	130256	MH	Forced Leaf Node Lookup:brain computer interfaces;Forced Leaf Node Lookup:brain-computer interfaces;Forced Leaf Node Lookup:bci	TI;AB	MM;RC	"40^25^0;91^24^0;117^3^0;195^3^0;492^3^0;643^3^0
"
29121942	Communication Aids for Disabled	C0009453	79876	MH			"RC
"
29121942	Electroencephalography	C0013819	32631	MH			"RC
"
29121942	User-Computer Interface	C0042117	21306	MH			"RC
"
29121942	Brain	C0006104	7288	MH	RtM via: Brain	AB	MM;RC	"661^6^0
"
29121942	Amyotrophic Lateral Sclerosis	C0002736	3336	MH	RtM via: Amyotrophic Lateral Sclerosis	AB	MM;RC	"316^29^0
"
27634721	Reproducibility of Results	C0035149	25072	MH	Forced Lookup:reliability	AB	MM;RC	"243^11^0
"
27634721	Neurosciences	C0027910	158787	MH	RtM via: Neuroscience discipline	AB	MM;RC	"1195^13^0;101^13^0
"
27634721	Neuroimaging	C0679575	103256	MH	RtM via: Brain scan;RtM via: Imaging of brain	AB	MM;RC	"794^11^0;434^11^0;303^13^0
"
27634721	Morals	C0026532	49652	MH	RtM via: Morality;RtM via: Morals	AB	MM;RC	"1244^5^0
"
27634721	Brain	C0006104	36507	MH	RtM via: Brain	AB	MM;RC	"698^5^0;303^5^0
"
27634721	Criminal Law	C0010328	31585	MH			"RC
"
27634721	Crime	C0010325	16556	MH			"RC
"
27634721	Intentions	C0162425	13527	ET	"Entry Term Replacement for ""Intention"";RtM via: Intention - mental process"	AB	MM;RC	"1016^10^0
"
27634721	*Social Behavior	C0037397	11133	MH	RtM via: Responsibility	TI;AB	MM	"1379^14^0;1097^14^0;34^14^0
"
27634721	Social Responsibility	C0037433	10973	MH			"RC
"
30980031	Animals	C0003062	352967	CT	CT Text Lookup: mouse	AB	MM;RC	"988^5^0
"
30980031	Mice	C0026809	352967	CT	CT Text Lookup: mouse	AB	MM;RC	"988^5^0
"
30980031	Humans	C0086418	352967	CT	CT Text Lookup: student	AB	MM;RC	"1167^7^0
"
30980031	*Silicon	C0037107	351967	MH	RtM via: Silicon;Forced Leaf Node Lookup:silicon;checkForceMH Boosted	TI;AB	MM;RC	"642^2^0;375^7^0;61^7^0
"
30980031	Action Potentials	C0001272	49465	MH			"RC
"
30980031	Neurosciences	C0027910	29950	MH			"RC
"
30980031	Neurons	C0027882	29207	MH			"RC
"
30980031	Nanotechnology	C0872323	24906	MH			"RC
"
30980031	Brain	C0006104	9935	MH			"RC
"
30731065	*Neuroscience	C0027910	412815	ET	"Entry Term Replacement for ""Neurosciences"";RtM via: Neuroscience discipline;Forced Non-Leaf Node Lookup:neuroethics"	TI	MM;RC	"75^12^0;59^11^0;290^11^0
"
30731065	*Brain	C0006104	56082	MH	RtM via: Brain;Forced Non-Leaf Node Lookup:brain	TI;AB	MM;RC	"377^5^0;166^5^0;103^5^0;279^5^0;29^5^0
"
30731065	*Drive	C0013126	1200	MH	RtM via: Initiative	TI;AB	MM	"173^10^0;35^10^0
"
30731065	Electric Power Supplies	C0032865	0	MH	RtM via: Transformers	AB	MM	"244^9^0
"
31260438	Humans	C0086418	549193	CT	Forced Leaf Node Lookup:humans;CT Text Lookup: human	TI;AB	MM;RC	"25^5^0;142^5^0;247^5^0
"
31260438	*Neuroscience	C0027910	548193	ET	"Entry Term Replacement for ""Neurosciences"";RtM via: Neuroscience discipline"	TI;AB	MM;RC	"276^12^0;61^12^0
"
31260438	*Brain	C0006104	207318	MH	RtM via: Brain;Forced Non-Leaf Node Lookup:brain	TI;AB	MM;RC	"656^3^0;751^5^0;355^3^0;401^5^0;148^5^0;253^5^0;31^5^0;103^5^0;462^5^0;606^5^0
"
31260438	Brain Mapping	C0006117	98201	MH			"RC
"
31260438	Image Processing, Computer-Assisted	C0020911	42470	MH			"RC
"
31260438	Medical Informatics	C0025088	12651	MH			"RC
"
31260438	*Technology	C0039421	2646	MH	RtM via: Technology	TI;AB	MM	"515^10^0;317^10^0;118^12^0
"
27637950	Humans	C0086418	900826	CT	Forced Lookup:general population;CT Text Lookup: human	AB	MM;RC	"339^18^0;121^5^0
"
27637950	*Neuroscience	C0027910	899826	ET	"Entry Term Replacement for ""Neurosciences"";RtM via: Neuroscience discipline"	TI;AB	MM;RC	"566^12^0;63^12^0;32^12^0
"
27637950	Brain	C0006104	66054	MH	RtM via: Brain	AB	MM;RC	"494^5^0;127^5^0
"
28250055	HCRT protein, human	C1527908	1862604	NM	RtM via: HCRT protein, human	TI	MM	"33^10^0;44^6^0
"
28250055	*Orexins	C1113688	1862603	MH	RtM via: orexins;RtM via: HCRT protein, human;Forced Leaf Node Lookup:hypocretins;Forced Leaf Node Lookup:orexins	TI;AB	MM;RC	"257^11^0;272^7^0;33^10^0;44^6^0
"
28250055	Neuropeptides	C0027895	382518	MH	RtM via: Neuropeptides	AB	MM;RC	"218^13^0
"
28250055	*Neurons	C0027882	153840	MH	RtM via: neuronal	TI	MM;RC	"51^8^0
"
28250055	Wakefulness	C0043012	75747	MH			"RC
"
28250055	Intracellular Signaling Peptides and Proteins	C1449791	65190	MH			"RC
"
28250055	Hypothalamus	C0020663	26980	MH	RtM via: Hypothalamic structure	AB	MM;RC	"205^12^0
"
29547172	Humans	C0086418	1307923	CT	CT Text Lookup: patient	AB	MM;RC	"278^7^0
"
29547172	United States	C0041703	1307923	CT	USA Lookup:National Institute of Mental Health;National Institute of Mental Health;CT Treecode Lookup: I01.409.418.750 (National Institute of Mental Health);National Institute of Mental Health;CT Treecode Lookup: N03.540.348.500.500 (National Institute of Mental Health)		"MM;RC
"
29547172	India	C0021201	0	MH	RtM via: India;Geo Lookup:karnatakas	TI;AB	MM	"867^5^0
"
29547172	*Neurology	C0027855	1306923	MH	RtM via: Neurology speciality;Forced Non-Leaf Node Lookup:neurology	TI;AB	MM;RC	"1039^9^0;568^9^0;108^9^0;36^9^0
"
29547172	Neurosciences	C0027910	233014	MH	RtM via: Neuroscience discipline	AB	MM;RC	"159^13^0
"
29547172	Nervous System Diseases	C0027765	142834	MH	RtM via: nervous system disorder	AB	MM;RC	"1071^19^0
"
29547172	Academies and Institutes	C0000877	42300	MH	RtM via: Institutes	AB	MM;RC	"718^9^0
"
29547172	Societies, Medical	C0037459	12324	MH			"RC
"
29547172	National Institute of Mental Health	C0027466	1048	ET	"Entry Term Replacement for ""National Institute of Mental Health (U.S.)"";RtM via: National Institute of Mental Health (U.S.)"	AB	MM	"119^35^0
"
29547172	Faculty	C0015535	171	MH	RtM via: Faculty	AB	MM	"674^7^0;344^7^0
"
29547172	Government	C0018104	113	MH	RtM via: Government	AB	MM	"853^10^0
"
30720413	Humans	C0086418	1000	CT	Forced Humans: Sister		"MM
"
30720413	Neuroscience	C0027910	71380	ET	"Entry Term Replacement for ""Neurosciences"";RtM via: Neuroscience discipline;Forced Non-Leaf Node Lookup:neuroethics"	AB	MM;RC	"706^12^0;234^12^0;34^11^0;185^11^0;431^11^0;1069^11^0
"
30720413	Bioethical Issues	C0005488	33347	MH			"RC
"
30720413	Technology	C0039421	1866	MH	RtM via: Technology	AB	MM;RC	"803^12^0;370^13^0
"
30720413	Brain	C0006104	784	MH	RtM via: Brain	AB	MM;RC	"785^5^0;409^5^0
"
30720413	Confusion	C0009676	163	MH	RtM via: Confusion;RtM via: Clouded consciousness	AB	MM	"1128^9^0
"
30720413	Recognition, Psychology	C0524637	51	MH	RtM via: Recognition, Psychology	AB	MM	"553^11^0
"
30720413	Sister	C0337514	32	ET	"Entry Term Replacement for ""Siblings"";RtM via: Sister"	AB	MM	"169^6^0
"
30720413	Organizations	C0029246	8	MH	RtM via: Utilities (organization)	AB	MM	"542^7^0
"
30720413	Charges	C0007961	2	ET	"Entry Term Replacement for ""Fees and Charges"";RtM via: charge amounts"	AB	MM	"1092^7^0
"
30720413	Reconstructive Surgical Procedures	C0524865	0	MH	RtM via: Surgical reduction	AB	MM	"1103^12^0
"
30720413	Rubiaceae	C0524885	0	MH	RtM via: Adina	AB	MM	"200^5^0
"
28552516	Animals	C0003062	109384	CT	Behavior, Animal;CT Treecode Lookup: F01.145.113 (Behavior, Animal)		"RC
"
28552516	*Neuroscience	C0027910	108384	ET	"Entry Term Replacement for ""Neurosciences"";RtM via: Neuroscience discipline"	TI;AB	MM;RC	"151^12^0;64^12^0
"
28552516	Behavioral Research	C0004939	67051	MH			"RC
"
28552516	Behavior, Animal	C0004935	24380	MH			"RC
"
28552516	*Bioassays	C0005507	13533	ET	"Entry Term Replacement for ""Biological Assay"";RtM via: Biological Assay;Forced Non-Leaf Node Lookup:bioassays"	TI;AB	MM;RC	"100^8^0;51^9^0
"
29316506	Humans	C0086418	310013	CT	CT Text Lookup: human	AB	MM;RC	"1150^5^0
"
29316506	Animals	C0003062	310013	CT	RtM via: Mus;CT Text Lookup: mouse;CT Text Lookup: primate	AB	MM;RC	"1139^5^0;1156^7^0
"
29316506	Mice	C0026809	310013	CT	RtM via: Mus;CT Text Lookup: mouse	AB	MM;RC	"1139^5^0
"
29316506	*Neuroscience	C0027910	121977	ET	"Entry Term Replacement for ""Neurosciences"";RtM via: Neuroscience discipline"	TI;AB	MM;RC	"97^12^0;59^12^0
"
29316506	Microscopy, Fluorescence	C0026022	29422	MH			"RC
"
29316506	Microscopy, Confocal	C0242842	20191	MH			"RC
"
29316506	Synapses	C0039062	16043	MH	RtM via: Synapses	AB	MM;RC	"1056^8^0
"
29316506	Neurons	C0027882	10614	MH	RtM via: Neurons	AB	MM;RC	"315^7^0
"
29316506	Specimen Handling	C0037793	4380	MH	RtM via: Specimen preservation	AB	MM;RC	"556^9^1;572^9^1
"
29316506	Brain	C0006104	4025	MH	RtM via: Brain	AB	MM;RC	"566^5^0
"
29316506	Polymer	C0032521	3611	ET	"Entry Term Replacement for ""Polymers"";RtM via: Polymers"	AB	MM;RC	"779^7^0;616^7^0
"
29733893	Humans	C0086418	164665	CT	CT Text Lookup: human;CT Text Lookup: patient;CT Text Lookup: patients;CT Text Lookup: volunteer;CT Text Lookup: volunteers	AB	MM;RC	"340^5^0;545^8^0;530^10^0
"
29733893	Animals	C0003062	164665	CT	Animal Experimentation;CT Treecode Lookup: E05.017 (Animal Experimentation);Animal Welfare;CT Treecode Lookup: I01.880.604.100 (Animal Welfare);Animal Testing Alternatives;CT Treecode Lookup: E05.017 (Animal Testing Alternatives);Primates;CT Treecode Lookup: B01.050.150.900.649.313.988 (Primates);CT Text Lookup: primate	TI	MM;RC	"82^8^0
"
29733893	*Neuroscience	C0027910	163665	ET	"Entry Term Replacement for ""Neurosciences"";RtM via: Neuroscience discipline"	TI;AB	MM;RC	"125^12^0;41^12^0
"
29733893	Animal Experimentation	C0003048	108514	MH			"RC
"
29733893	Animal Welfare	C0003061	45799	MH			"RC
"
29733893	Animal Testing Alternatives	C0003059	33076	MH			"RC
"
29733893	Research Methodology	C0086912	30394	ET	"Entry Term Replacement for ""Research Design"";RtM via: Research Methodology"	AB	MM;RC	"891^20^0
"
29733893	Primates	C0033147	28916	MH	Forced Non-Leaf Node Lookup:primates		MM;RC	"82^8^0;162^8^0
"
29733893	Biomedical Research	C0005540	22932	MH			"RC
"
29733893	Researchers	C0035173	836	ET	"Entry Term Replacement for ""Research Personnel"";RtM via: Research Personnel"	AB	MM	"850^11^0;708^11^0
"
26289314	Humans	C0086418	621918	CT	CT Text Lookup: human	AB	MM;RC	"411^5^0
"
26289314	*Glycosylation	C0017982	620918	MH	RtM via: Protein Glycosylation;RtM via: glycosylation;Forced Leaf Node Lookup:glycosylations	TI;AB	MM;RC	"779^13^0;21^13^0
"
26289314	*Cancer	C0006826	93156	ET	"Entry Term Replacement for ""Neoplasms"";RtM via: Malignant Neoplasms;RtM via: Primary malignant neoplasm;Cancer/Neoplasm in Title, none specified"	TI;AB	MM;RC	"1027^6^0;718^6^0;513^6^0;135^6^0;38^6^0
"
26289314	Glycobiology	C1512223	62226	ET	"Entry Term Replacement for ""Glycomics"";RtM via: Glycomics"	AB	MM;RC	"260^12^0
"
26289314	Glycans	C0032594	36124	ET	"Entry Term Replacement for ""Polysaccharides"";RtM via: Polysaccharides"	AB	MM;RC	"981^7^0;707^7^0;427^7^0
"
26289314	Cell Adhesion	C0007577	7710	MH			"RC
"
26289314	Cell Signaling	C0037083	4947	ET	"Entry Term Replacement for ""Signal Transduction"";RtM via: Signal Transduction"	AB	MM;RC	"529^15^0
"
26289314	Disease Progression	C0242656	4593	MH	RtM via: Disease Progression	AB	MM;RC	"1050^11^0;822^11^0
"
28244479	*Cancers	C0006826	408222	ET	"Entry Term Replacement for ""Neoplasms"";RtM via: Malignant Neoplasms;RtM via: Primary malignant neoplasm"	TI;AB	MM;RC	"702^6^0;622^9^0;498^7^0;425^6^0;351^6^0;296^6^0;65^6^0;21^6^0
"
28244479	Survival Rate	C0038954	81296	MH			"RC
"
28244479	India	C0021201	43787	MH	RtM via: India	AB	MM;RC	"304^5^0
"
28244479	Incidence	C0021149	41761	MH			"RC
"
21248838	Humans	C0086418	330037	CT	CT Text Lookup: individuals	AB	MM;RC	"665^11^0
"
21248838	*Cancers	C0006826	329037	ET	"Entry Term Replacement for ""Neoplasms"";RtM via: Malignant Neoplasms;RtM via: Primary malignant neoplasm;RtM via: Neoplasms;RtM via: Tumor Mass;RtM via: Solid Neoplasm"	TI;AB	MM;RC	"704^6^0;557^12^0;458^6^0;282^7^0;40^6^0;595^6^0;225^6^0;59^13^0
"
21248838	Neoplastic Stem Cells	C1956421	89214	MH			"RC
"
21248838	Cell Transformation, Neoplastic	C0007621	47081	MH			"RC
"
21248838	Cell Lineage	C0282637	33533	MH			"RC
"
21248838	Cell Differentiation	C0007589	16850	MH			"RC
"
28741511	*Endoplasmic Reticulum Stress	C3178870	942092	MH	RtM via: Endoplasmic Reticulum Stress;Forced Leaf Node Lookup:endoplasmic reticulum stress	TI;AB	MM;RC	"875^9^0;196^21^1;223^6^1;21^28^0
"
28741511	*Cancer	C0006826	323310	ET	"Entry Term Replacement for ""Neoplasms"";RtM via: Malignant Neoplasms;RtM via: Primary malignant neoplasm;RtM via: tumor growth;Cancer/Neoplasm in Title, none specified"	TI;AB	MM;RC	"898^6^0;71^6^0;445^12^0
"
28741511	Unfolded Protein Response	C1155342	443359	MH	RtM via: cellular response to unfolded protein	AB	MM;RC	"611^3^0;372^3^0;324^25^0
"
28741511	Signal Transduction	C0037083	58491	MH	RtM via: Signal Transduction	AB	MM;RC	"885^9^0;376^9^0
"
28741511	Endoplasmic Reticulum	C0014239	39789	MH			"RC
"
28741511	Neovascularization, Pathologic	C0027686	38291	MH	RtM via: Tumor Angiogenesis	AB	MM;RC	"822^12^0
"
28741511	Proteostasis	C4505258	33392	MH	RtM via: Proteostasis	AB	MM;RC	"298^12^0;160^19^0
"
28741511	Apoptosis	C0162638	17067	MH			"RC
"
28741511	Inflammation	C0021368	4840	MH	RtM via: Inflammation	AB	MM;RC	"725^12^0
"
28741511	Tumor Microenvironment	C2936626	1000	MH	Forced MicroEnv Found	TI	"MM
"
29056514	Humans	C0086418	262663	CT	CT Text Lookup: patient;CT Text Lookup: patients	AB	MM;RC	"146^8^0
"
29056514	*Exercise	C0015259	261663	MH	RtM via: Exercise;RtM via: Exercise Training;Forced Non-Leaf Node Lookup:exercise trainings	TI;AB	MM;RC	"395^8^0;359^8^0;190^17^0;50^8^0;117^17^0
"
29056514	Cancer	C0006826	57814	ET	"Entry Term Replacement for ""Neoplasms"";RtM via: Malignant Neoplasms;RtM via: Primary malignant neoplasm;RtM via: tumor growth;RtM via: Cancer Patient;RtM via: Neoplasms;RtM via: Tumor Mass"	AB	MM;RC	"615^6^0;371^6^0;233^6^0;262^12^0;139^15^0;476^5^0
"
29056514	Treatment Efficacy	C0087113	10458	ET	"Entry Term Replacement for ""Treatment Outcome"";RtM via: Treatment Effectiveness"	AB	MM;RC	"622^18^0
"
29056514	Incidence	C0021149	8088	MH	RtM via: Incidence	AB	MM;RC	"240^9^0
"
29056514	Risk Factors	C0035648	5640	MH			"RC
"
31455183	Animals	C0003062	197356	CT	CT Text Lookup: mammalian	AB	MM;RC	"142^9^0
"
31455183	*Aging	C0001811	196356	MH	RtM via: Aging;Forced Non-Leaf Node Lookup:aging	TI;AB	MM;RC	"708^5^0;152^5^0;48^5^0
"
31455183	Cellular Reprogramming	C3850096	74373	MH			"RC
"
31455183	Cellular Senescence	C0007581	71173	MH			"RC
"
31455183	Regenerative Medicine	C1257974	41625	MH			"RC
"
31455183	Phenotype	C0031437	9692	MH	RtM via: Phenotype	AB	MM;RC	"906^9^0
"
31455183	Cancer	C0006826	6106	ET	"Entry Term Replacement for ""Neoplasms"";RtM via: Malignant Neoplasms;RtM via: Primary malignant neoplasm;RtM via: Neoplasms;RtM via: Tumor Mass"	AB	MM;RC	"919^6^0;321^5^0
"
12724736	Male	C0086582	1548401	CT	Prostate;CT Treecode Lookup: A05.360.444 (Prostate);CT Text Lookup: prostate	AB	MM;RC	"380^8^0
"
12724736	*Photochemotherapy	C0031740	1547401	MH	RtM via: Photochemotherapy;Forced Leaf Node Lookup:photodynamic therapy	TI;AB	MM;RC	"408^3^0;231^3^0;177^20^0;21^20^0
"
12724736	Photosensitizing Agents	C0162713	214158	MH			"RC
"
12724736	Medical Oncology	C0025098	108364	MH	RtM via: oncology field	AB	MM;RC	"276^8^0
"
12724736	Lung Neoplasms	C0024121	18236	MH			"RC
"
12724736	Prostate	C0033572	265	MH	RtM via: Prostate	AB	MM	"380^8^0
"
12724736	Skin	C1123023	80	MH	RtM via: Skin;RtM via: Skin, Human	AB	MM	"393^4^0
"
12724736	Ambulatory Care Facilities	C0002424	77	MH	RtM via: Ambulatory Care Facilities	AB	MM	"258^6^0
"
12724736	Breast	C0006141	49	MH	RtM via: Breast	AB	MM	"372^6^0
"
17476343	Humans	C0086418	1013314	CT	CT Text Lookup: human;CT Text Lookup: humans	AB	MM;RC	"307^6^0
"
17476343	Animals	C0003062	1013314	CT	RtM via: Mus;CT Text Lookup: mouse	AB	MM;RC	"280^5^0
"
17476343	Mice	C0026809	1013314	CT	RtM via: Mus;CT Text Lookup: mouse	AB	MM;RC	"280^5^0
"
17476343	*Immunologic Surveillance	C0021059	1012314	MH	RtM via: Immunologic Surveillance	TI	MM;RC	"21^19^0
"
17476343	*Tumors	C0027651	70212	ET	"Entry Term Replacement for ""Neoplasms"";RtM via: Neoplasms;RtM via: Malignant Neoplasms;RtM via: Primary malignant neoplasm"	TI;AB	MM;RC	"123^6^0;44^6^0;572^6^0;296^6^0;184^6^0
"
17476343	Tumor Escape	C0282683	69037	MH			"RC
"
17476343	Immunotherapies	C0021083	58218	ET	"Entry Term Replacement for ""Immunotherapy"";RtM via: Immunotherapy"	AB	MM;RC	"637^15^0
"
17476343	Immune System	C0020962	13080	MH	RtM via: Immune system	AB	MM;RC	"77^13^0
"
17476343	Natural Immunity	C0020969	8782	ET	"Entry Term Replacement for ""Immunity, Innate"";RtM via: Immunity, Innate"	AB	MM;RC	"552^16^0
"
21858793	Humans	C0086418	210889	CT	CT Text Lookup: patient;CT Text Lookup: patients	AB	MM;RC	"492^7^0;1167^8^0
"
21858793	*Emergencies	C2745965	160734	MH	RtM via: Emergencies [Disease/Finding];Forced Leaf Node Lookup:emergencies	TI;AB	MM;RC	"1212^11^0;779^11^0;117^11^0;31^11^0
"
21858793	Quality of Life	C0034380	30957	MH	RtM via: Quality of life;RtM via: Perceived quality of life;Forced Lookup:quality of life	AB	MM;RC	"824^15^0
"
21858793	Neoplasm Recurrence, Local	C0027643	1000	MH	Recurrence-C04 (CBD)		"MM
"
21858793	*Medical Oncology	C0025098	209889	MH	RtM via: oncology field	TI;AB	MM;RC	"107^9^0;21^9^0
"
21858793	Tumour Lysis Syndrome	C0041364	46391	ET	"Entry Term Replacement for ""Tumor Lysis Syndrome"";RtM via: Tumor Lysis Syndrome"	AB	MM;RC	"946^20^0
"
21858793	Hypercalcemia	C0020437	40533	MH	RtM via: Hypercalcemia	AB	MM;RC	"903^13^0
"
21858793	Cardiac Tamponade	C0007177	25466	MH	RtM via: Cardiac Tamponade	AB	MM;RC	"968^17^0
"
21858793	Superior Vena Cava Syndrome	C0038833	20531	MH	RtM via: Superior Vena Cava Syndrome	AB	MM;RC	"987^27^0
"
21858793	Compression, Spinal Cord	C0037926	9755	ET	"Entry Term Replacement for ""Spinal Cord Compression"";RtM via: Compression of spinal cord"	AB	MM;RC	"1035^23^0
"
21858793	Hyponatremia	C0020625	6575	MH	RtM via: Hyponatremia	AB	MM;RC	"918^12^0
"
21858793	Hypoglycemia	C0020615	1347	MH	RtM via: Hypoglycemia	AB	MM;RC	"932^12^0
"
28741506	Neoplasm Recurrence, Local	C0027643	1000	MH	Recurrence-C04 (CBD)		"MM
"
28741506	Cellular Senescence	C0007581	224479	MH	RtM via: Cellular Senescence;RtM via: Senescence-Associated Secretory Phenotype	AB	MM;RC	"253^15^0;68^19^0;312^41^0
"
28741506	Cell Transformation, Neoplastic	C0007621	73290	MH	RtM via: Neoplastic Cell Transformation	AB	MM;RC	"850^13^0
"
28741506	Cytokines	C0079189	31076	MH	RtM via: cytokine	AB	MM;RC	"277^9^0
"
28741506	Tumorigenesis	C0596263	30516	ET	"Entry Term Replacement for ""Carcinogenesis"";RtM via: Carcinogenesis"	AB	MM;RC	"850^13^0
"
28741506	*Genes, Tumor Suppressor	C0079427	15603	MH	RtM via: tumor suppressor activity	TI	MM	"27^16^0
"
28741506	*Promoter Regions, Genetic	C0033413	14733	MH	RtM via: Promoter	TI	MM;RC	"47^8^0
"
28741506	Phenotype	C0031437	11285	MH			"RC
"
31014516	*Matrix Metalloproteinases	C0623362	731708	MH	RtM via: Matrix Metalloproteinases;checkForceMH Boosted;Forced Non-Leaf Node Lookup:matrix metalloproteinases	TI;AB	MM;RC	"969^4^0;748^3^0;620^4^0;527^4^0;154^25^0;21^25^0;181^4^0
"
31014516	*Cancer	C0006826	248055	ET	"Entry Term Replacement for ""Neoplasms"";RtM via: Malignant Neoplasms;RtM via: Primary malignant neoplasm;RtM via: Primary Neoplasm;RtM via: Neoplasms;RtM via: Tumor Mass;Cancer/Neoplasm in Title, none specified"	TI;AB	MM;RC	"830^6^0;226^6^0;140^6^0;690^13^0;937^5^0
"
31014516	Antineoplastic Agents	C0003392	16743	MH	RtM via: Cytotoxic agent (product)	AB	MM;RC	"837^9^0;851^5^1
"
31014516	Cytokines	C0079189	4837	MH	RtM via: cytokine	AB	MM;RC	"516^9^0
"
27890287	Animals	C0003062	42029	CT	CT Text Lookup: animal;CT Text Lookup: animals;CT Text Lookup: rabbit;Forced Animals Added: Rabbits	AB;TI	MM;RC	"270^7^0;21^6^0
"
27890287	Rabbits	C3887509	42029	CT	RtM via: Rabbits;RtM via: Old World rabbit;Forced Leaf Node Lookup:rabbit;CT Text Lookup: rabbit	TI;AB	MM;RC	"736^6^0;660^7^0;407^7^0;139^7^0;21^6^0
"
27890287	*Medical Oncology	C0025098	20232	MH	RtM via: oncology field	TI;AB	MM	"743^9^0;28^8^0
"
27890287	Neoplasms	C0027651	7028	MH			"RC
"
27890287	Integumentary Systems	C0037267	5	ET	"Entry Term Replacement for ""Integumentary System"";RtM via: Integumentary system"	AB	MM	"491^21^0
"
27890287	Problem Solving	C0033211	2	MH	RtM via: Insight	AB	MM	"545^8^0
"
28779867	Humans	C0086418	321043	CT	CT Text Lookup: children;CT Text Lookup: patient;CT Text Lookup: pediatric	AB	MM;RC	"211^8^0;593^7^0;99^9^0
"
28779867	Child	C0008059	321043	CT	Forced Lookup:childhood cancer;CT Text Lookup: children;CT Text Lookup: pediatric; Forced Age Group: Childhood	TI;AB	MM;RC	"51^16^0;211^8^0;99^9^0;51^9^0
"
28779867	*Malignancy	C0006826	107145	ET	"Entry Term Replacement for ""Neoplasms"";RtM via: Malignant Childhood Neoplasm;RtM via: Malignant Neoplasms;RtM via: Primary malignant neoplasm;Forced Lookup:childhood cancer;Cancer/Neoplasm in Title, none specified"	TI;AB	MM;RC	"1285^17^0;657^16^0;406^17^0;99^17^0;51^16^0;955^7^0;690^6^0;265^10^0;167^6^0
"
28779867	Seizures	C0036572	9612	MH	RtM via: Seizures	AB	MM;RC	"1073^8^0
"
28779867	Movements, Abnormal	C0013384	307	ET	"Entry Term Replacement for ""Dyskinesias"";RtM via: Dyskinetic syndrome;RtM via: Abnormal movement"	AB	MM	"1083^18^0
"
28779867	Neurotoxicity Syndromes	C0235032	242	MH	RtM via: Neurotoxicity Syndromes	AB	MM	"890^10^0
"
28779867	Psychosis	C0033975	227	ET	"Entry Term Replacement for ""Psychotic Disorders"";RtM via: Psychotic Disorders;RtM via: Nonorganic psychosis"	AB	MM	"1112^9^0
"
28779867	Peripheral Nervous System	C0206417	142	MH	RtM via: Peripheral Nervous System	AB	MM	"928^25^0;463^25^0
"
28779867	Hematopoietic Stem Cell Transplantation	C0472699	111	MH	RtM via: Hemopoietic stem cell transplant	AB	MM	"519^25^0
"
28779867	Stem Cell Transplantation	C1504389	76	MH	RtM via: Stem cell transplant	AB	MM	"519^25^0
"
28779867	Disease Progression	C0242656	29	MH	RtM via: Sequela of disorder	AB	MM	"779^8^0
"
27364482	*Oncogenes	C0029016	1294128	MH	RtM via: Oncogenes	TI;AB	MM;RC	"403^9^0;62^9^0
"
27364482	*Apoptosis	C0162638	237147	MH	RtM via: Apoptosis;RtM via: cell killing;Forced Non-Leaf Node Lookup:apoptotic cell	TI;AB	MM;RC	"510^9^0;383^9^0;248^9^0;87^20^0;46^9^0;547^9^0
"
27364482	*Oncogenesis	C0596263	232827	ET	"Entry Term Replacement for ""Carcinogenesis"";RtM via: Carcinogenesis"	TI;AB	MM;RC	"587^11^0;403^9^0;62^9^0
"
27364482	Cancer	C0006826	92788	ET	"Entry Term Replacement for ""Neoplasms"";RtM via: Malignant Neoplasms;RtM via: Primary malignant neoplasm;RtM via: Neoplasms;RtM via: Tumor Mass"	AB	MM;RC	"312^6^0;178^6^0;540^6^0
"
28782469	Humans	C0086418	370474	CT	CT Text Lookup: human;CT Text Lookup: patient;CT Text Lookup: patients	AB	MM;RC	"428^5^0;740^8^0
"
28782469	Immunotherapy	C0021083	369474	MH	RtM via: Immunotherapy	AB	MM;RC	"219^13^0
"
28782469	Cancer	C0006826	151451	ET	"Entry Term Replacement for ""Neoplasms"";RtM via: Malignant Neoplasms;RtM via: Primary malignant neoplasm"	AB	MM;RC	"640^6^0;80^6^0
"
28782469	Antineoplastic Agents	C0003392	59999	MH			"RC
"
28782469	Cell Cycle Checkpoints	C1155874	59990	MH			"RC
"
28782469	*Immunologic Factors	C0021054	12069	MH	RtM via: Immune Checkpoint Inhibitor;RtM via: Biological Response Modifiers	TI;AB	MM	"831^28^0;21^28^0;219^13^0
"
28782469	Efficacy, Clinical	C0087113	3405	ET	"Entry Term Replacement for ""Treatment Outcome"";RtM via: Treatment Effectiveness"	AB	MM;RC	"1018^17^0
"
27890288	Animals	C0003062	86385	CT	Ferrets;CT Treecode Lookup: B01.050.150.900.649.313.750 (Ferrets)		"MM;RC
"
27890288	*Ferrets	C0015859	85385	MH	RtM via: Ferrets;Forced Leaf Node Lookup:ferrets;checkForceMH Boosted	TI;AB	MM;RC	"626^7^0;387^7^0;172^7^0;117^7^0;21^6^0
"
27890288	Insulinoma	C0021670	50693	MH	RtM via: insulinoma	AB	MM;RC	"403^10^0
"
27890288	*Medical Oncology	C0025098	8667	MH	RtM via: oncology field	TI	MM	"28^8^0
"
27890288	Adrenalectomy	C0001632	6375	MH	RtM via: Adrenalectomy	AB	MM;RC	"369^13^0
"
27890288	Pancreatic Neoplasms	C0030297	1000	MH	Neoplasm Coordination Rule: Insulinoma		"MM;RC
"
31362690	Humans	C0086418	94216	CT	CT Text Lookup: human;CT Text Lookup: patient	AB	MM;RC	"887^5^0;794^7^0
"
31362690	Cancer	C0006826	93216	ET	"Entry Term Replacement for ""Neoplasms"";RtM via: Cancer Patient;RtM via: Malignant Neoplasms;RtM via: Primary malignant neoplasm;Cancer/Neoplasm in Title, none specified"	AB	MM;RC	"787^14^0;475^6^0
"
31362690	Oncogene	C0029016	27373	ET	"Entry Term Replacement for ""Oncogenes"";RtM via: Oncogenes"	AB	MM;RC	"610^8^0
"
31362690	Biomedical Research	C0005540	10971	MH			"RC
"
25993239	*Clonal Evolution	C1516669	1253326	MH	RtM via: Clonal Evolution;RtM via: Somatic Evolution;Forced Leaf Node Lookup:somatic evolution;Forced Leaf Node Lookup:clonal evolution	TI;AB	MM;RC	"83^16^0;21^16^0;1522^17^0;249^17^0;75^7^1;90^9^1
"
25993239	Neoplastic Stem Cells	C1956421	40978	MH			"RC
"
25993239	Biomarkers, Tumor	C0041366	22950	MH			"RC
"
25993239	Precancerous Conditions	C0032927	15584	MH	RtM via: Precancerous Conditions	AB	MM;RC	"995^12^0;943^12^0;832^12^0
"
25993239	Mutation	C0026882	15096	MH			"RC
"
25993239	Clones	C0009013	13940	ET	"Entry Term Replacement for ""Clone Cells"";RtM via: Clone Cells"	AB	MM;RC	"845^6^0
"
31099667	*Metabolic Pathways	C1291081	294381	ET	"Entry Term Replacement for ""Metabolic Networks and Pathways"";RtM via: Metabolic Pathway"	TI	MM;RC	"50^18^0
"
31099667	Tumor	C0027651	158185	ET	"Entry Term Replacement for ""Neoplasms"";RtM via: Neoplasms;RtM via: Tumor Mass"	AB	MM;RC	"954^5^0
"
31099667	Tumor Microenvironment	C2936626	147168	MH	RtM via: Tumor Microenvironment	AB	MM;RC	"870^22^0
"
31099667	Molecular Targeted Therapy	C2699893	135808	MH			"RC
"
31099667	Glycolysis	C0017952	102229	MH	RtM via: Glycolysis	AB	MM;RC	"992^10^0
"
31099667	Energy Metabolism	C0014272	65508	MH			"RC
"
31099667	Cell Proliferation	C0596290	17955	MH	RtM via: Cell Growth	AB	MM;RC	"224^11^0
"
31099667	Signal Transduction	C0037083	14940	MH			"RC
"
30241109	Humans	C0086418	109435	CT	CT Text Lookup: individuals;CT Text Lookup: patient;CT Text Lookup: patients	AB	MM;RC	"1730^11^0;916^8^0
"
30241109	Cancer	C0006826	11911	ET	"Entry Term Replacement for ""Neoplasms"";RtM via: Malignant Neoplasms;RtM via: Primary malignant neoplasm;Cancer/Neoplasm in Title, none specified"	AB	MM;RC	"1675^6^0;1569^6^0;714^6^0
"
30241109	*Academy	C0000876	108435	ET	"Entry Term Replacement for ""Academies and Institutes"";RtM via: Academies"	TI;AB	MM;RC	"1344^4^0;94^7^0;30^7^0
"
30241109	Translational Research	C3494163	88224	ET	"Entry Term Replacement for ""Translational Medical Research"";RtM via: Translational Research"	AB	MM;RC	"1661^13^1;1682^8^1;952^22^0;700^13^1;721^8^1;590^22^0
"
30241109	Europe	C0015176	70234	MH	RtM via: Europe	AB	MM;RC	"1444^6^0;628^6^0
"
30241109	Biomedical Research	C0005540	17609	MH			"RC
"
30241109	Healthcare	C0086388	16759	ET	"Entry Term Replacement for ""Delivery of Health Care"";RtM via: Health Care;RtM via: Health Care Systems;RtM via: Long-term Follow-up"	AB	MM;RC	"1057^11^0;801^17^0;1299^19^0
"
30241109	Quality of Health Care	C0034379	11187	MH			"RC
"
30241109	*Medicine	C0025118	3303	MH	RtM via: Cancer Science;RtM via: medical specialist	TI;AB	MM	"1344^4^0;105^15^0;41^15^0;179^19^0
"
30241109	Researchers	C0035173	381	ET	"Entry Term Replacement for ""Research Personnel"";RtM via: Research Personnel"	AB	MM	"203^11^0
"
30241109	Outcomes Research	C0086750	342	ET	"Entry Term Replacement for ""Outcome Assessment, Health Care"";RtM via: Outcomes Research"	AB	MM	"1226^17^0
"
30241109	Data Accuracy	C4035952	313	MH	RtM via: Data Quality	AB	MM	"1104^7^1;1116^4^1
"
22930834	Software	C0037585	165460	MH	RtM via: Computer software	AB	MM;RC	"331^8^0;119^8^0
"
22930834	Image Processing, Computer-Assisted	C0020911	112405	MH			"RC
"
22930834	Brain	C0006104	15456	MH			"RC
"
29727584	Metabolomics	C1328813	85682	MH			"RC
"
29727584	Genomics	C0887950	78116	MH			"RC
"
29727584	Proteomics	C0872252	70871	MH			"RC
"
29727584	Systems Biology	C1450477	34300	MH			"RC
"
29727584	Single-Cell Analysis	C0597452	23917	MH			"RC
"
29727584	Gene Expression Profiling	C0752248	16495	MH			"RC
"
29727584	Transcriptome	C3178810	16467	MH			"RC
"
27686657	*Systems Biology	C1450477	896780	MH	RtM via: Systems Biology;Forced Leaf Node Lookup:systems biology	TI;AB	MM;RC	"1005^15^0;484^15^0;239^15^0;33^15^0
"
27686657	Proteomics	C0872252	272460	MH	RtM via: Proteomics;Forced Lookup:proteomic	AB	MM;RC	"721^9^0
"
27686657	Metabolomics	C1328813	304617	MH	RtM via: Metabolomics	AB	MM;RC	"735^12^0
"
27686657	Genomics	C0887950	118864	MH			"RC
"
27686657	Mass Spectrometry	C0037813	90484	MH	RtM via: Mass Spectrometry	AB	MM;RC	"630^17^0
"
27686657	Bioinformatics	C1140694	28210	ET	"Entry Term Replacement for ""Computational Biology"";RtM via: Bio-Informatics"	AB	MM;RC	"811^14^0
"
27686657	Gene Expression Profiling	C0752248	17577	MH			"RC
"
27686657	Databases, Factual	C0079199	3946	MH	RtM via: Databases	AB	MM;RC	"930^8^0
"
27465042	*Computational Biology	C0376528	278144	MH	RtM via: Computational Biology;RtM via: Bio-Informatics;Forced Leaf Node Lookup:computational biology;Forced Leaf Node Lookup:bioinformatics	TI;AB	MM;RC	"639^21^0;29^21^0;683^14^0;331^14^0;202^14^0;308^14^0
"
27465042	Genomics	C0887950	62243	MH	RtM via: Genomics	AB	MM;RC	"550^7^0
"
27465042	Genome	C0017428	11014	MH	RtM via: Genome	AB	MM;RC	"550^7^0
"
27465042	Databases, Factual	C0079199	10610	MH	RtM via: Databases	AB	MM;RC	"509^8^0
"
27465042	*Biological Phenomena	C0005520	3603	MH	RtM via: Tissue Growth	TI;AB	MM	"113^7^0;51^6^0
"
27465042	Internet	C0282111	262	MH	RtM via: Internet	AB	MM	"752^8^0;152^8^0
"
27465042	Algorithm	C0002045	139	ET	"Entry Term Replacement for ""Algorithms"";RtM via: algorithm"	AB	MM	"572^9^0
"
27465042	Information Science	C0021423	59	MH	RtM via: Information Sciences	AB	MM	"165^22^0
"
27465042	India	C0021201	30	MH	RtM via: India	TI;AB	MM	"368^5^0;227^5^0;80^7^0;21^7^0
"
29098954	Systems Biology	C1450477	77458	MH			"RC
"
29098954	Genomics	C0887950	76477	MH			"RC
"
29098954	Computational Biology	C0376528	53330	MH			"RC
"
29098954	Proteomics	C0872252	34325	MH			"RC
"
29098954	Circadian Rhythm	C0008810	16755	MH			"RC
"
29098954	*Physiological Phenomena	C2350828	5640	MH	RtM via: Biological Rhythm	TI;AB	MM	"1192^18^0;1029^18^0;170^18^0;61^18^0
"
15461798	*Computational Biology	C0376528	1654042	MH	RtM via: Computational Biology;RtM via: Bio-Informatics;Forced Leaf Node Lookup:computational biology;Forced Leaf Node Lookup:bioinformatics	TI;AB	MM;RC	"213^21^0;65^21^0;625^14^0;239^14^0;91^14^0
"
15461798	Reproducibility of Results	C0035149	124418	MH	Forced Lookup:reproducibility	AB	MM	"479^15^0
"
15461798	*Software	C0037585	1157343	MH	RtM via: Software Development;RtM via: Computer software;Forced Non-Leaf Node Lookup:software	TI;AB	MM;RC	"40^20^0;358^8^0;200^8^0
"
15461798	Databases, Genetic	C0872179	92495	MH			"RC
"
15461798	Information Storage and Retrieval	C0021427	47109	MH			"RC
"
15461798	Algorithms	C0002045	39792	MH			"RC
"
30696086	*Big Data	C4704779	47205	MH	RtM via: Big Data;Forced Leaf Node Lookup:big data	TI	MM;RC	"77^8^0
"
30696086	*Machine Learning	C0376284	330225	MH	RtM via: Machine Learning;Forced Non-Leaf Node Lookup:machine learning	TI;AB	MM;RC	"895^2^0;395^16^0;21^16^0
"
30696086	Computational Biology	C0376528	59885	MH			"RC
"
30696086	Algorithms	C0002045	29903	MH	RtM via: State Machine	AB	MM;RC	"878^5^1;895^2^1
"
30696086	Precision Medicine	C2718059	23369	MH	RtM via: Precision Medicine	AB	MM;RC	"537^18^0
"
30696086	Transcriptome	C3178810	12526	MH	RtM via: Transcriptome	AB	MM;RC	"254^13^0
"
31561483	Humans	C0086418	550798	CT	CT Text Lookup: human	AB	MM;RC	"278^5^0
"
31561483	*Precision Medicine	C2718059	549798	MH	RtM via: Precision Medicine;Forced Lookup:precision oncology;Forced Leaf Node Lookup:precision medicine	TI;AB	MM;RC	"1167^18^0;992^18^0;536^18^0;70^18^0;586^18^0
"
31561483	Neoplasms	C0027651	68922	MH	RtM via: Malignant Neoplasms;RtM via: Primary malignant neoplasm;RtM via: Neoplasms;Forced Lookup:precision oncology	AB	MM;RC	"713^6^0;304^6^0;596^8^0;586^18^0
"
31561483	Metabolomics	C1328813	236178	MH	RtM via: Metabolomics	AB	MM;RC	"444^12^0
"
31561483	Genomics	C0887950	228794	MH	RtM via: Genomics	AB	MM;RC	"606^8^0;392^8^0
"
31561483	Proteomics	C0872252	192643	MH	RtM via: Proteomics	AB	MM;RC	"432^10^0
"
31561483	*Biomarkers	C0005516	157077	MH	RtM via: Biological Markers;Forced Non-Leaf Node Lookup:biomarkers	TI	MM;RC	"46^9^0
"
31561483	Computational Biology	C0376528	73371	MH	RtM via: Transcriptomics	AB	MM;RC	"402^15^0
"
31561483	Epigenomics	C2936263	65024	MH	RtM via: Epigenomics	AB	MM;RC	"419^11^0
"
21900203	*Systems Biology	C1450477	1353790	MH	RtM via: Systems Biology;Forced Leaf Node Lookup:systems biology	TI;AB	MM;RC	"437^15^0;130^15^0;62^15^0;552^15^0
"
21900203	Computational Biology	C0376528	160981	MH	RtM via: Computational Biology	AB	MM;RC	"526^21^0;104^21^0
"
21900203	Computer Simulation	C0009609	27370	MH			"RC
"
21900203	Signal Transduction	C0037083	16633	MH	RtM via: Signal Transduction	AB	MM;RC	"333^14^0;584^19^0;251^9^0;369^9^0
"
21900203	Models, Biological	C0026339	16513	MH			"RC
"
30232369	*DNA Transposable Elements	C0012868	809564	MH	RtM via: DNA Transposable Elements;Forced Leaf Node Lookup:transposable elements;checkForceMH Boosted	TI;AB	MM;RC	"151^21^0;51^21^0
"
30232369	Genomics	C0887950	168298	MH	RtM via: Genomics	AB	MM;RC	"820^7^0;463^7^0
"
30232369	Software Tools	C0037589	76469	ET	"Entry Term Replacement for ""Software"";RtM via: Software Tools"	AB	MM;RC	"618^14^0
"
30232369	Computational Biology	C0376528	61145	MH			"RC
"
30232369	Eukaryota	C0684063	39890	MH			"RC
"
30232369	Evolution, Molecular	C0282688	21227	MH			"RC
"
26845152	Humans	C0086418	136812	CT	African Continental Ancestry Group;CT Treecode Lookup: M01.686 (African Continental Ancestry Group)		"MM;RC
"
26845152	*Computational Biology	C0376528	135812	MH	RtM via: Computational Biology;RtM via: Bio-Informatics;Forced Leaf Node Lookup:computational biology;Forced Leaf Node Lookup:bioinformatics	TI;AB	MM;RC	"584^21^0;40^21^0;856^14^0;444^14^0;124^14^0;972^14^0
"
26845152	South Africa	C0037712	14146	MH	RtM via: South Africa;Forced Leaf Node Lookup:south africa	TI;AB	MM;RC	"920^12^0;65^12^0
"
26845152	*Learning	C0023185	7125	MH	RtM via: Learning	TI;AB	MM	"1126^6^0;110^6^0
"
26845152	University	C0041740	6253	ET	"Entry Term Replacement for ""Universities"";RtM via: Universities"	AB	MM;RC	"624^12^0
"
26845152	Researchers	C0035173	87	ET	"Entry Term Replacement for ""Research Personnel"";RtM via: Research Personnel"	AB	MM	"285^11^0
"
26845152	Drive	C0013126	24	MH	RtM via: Initiative	AB	MM	"423^11^0
"
26845152	Government	C0018104	24	MH	RtM via: Government	AB	MM	"369^10^0
"
26845152	Dissent and Disputes	C1136019	20	MH	RtM via: Disputes	AB	MM	"940^8^0
"
26845152	African Continental Ancestry Group	C1257891	3	MH	RtM via: South African	AB	MM	"271^13^0
"
26845152	Lymphatic System	C0024235	0	MH	RtM via: Injection of therapeutic agent	AB	MM	"496^10^0
"
25483351	Genomics	C0887950	265202	MH	RtM via: Genomics	AB	MM;RC	"325^7^0
"
25483351	*Genome	C0017428	225795	MH	RtM via: Genome	TI;AB	MM;RC	"536^6^0;270^6^0;412^7^0;325^7^0;168^6^0;221^7^0;119^6^0;38^6^0
"
25483351	Sequence Alignment	C0080143	150318	MH			"RC
"
25483351	Computational Biology	C0376528	132031	MH			"RC
"
25483351	Software	C0037585	74305	MH			"RC
"
25483351	Algorithms	C0002045	26594	MH			"RC
"
25483351	Sequencing, Next-Generation	C2936621	26088	ET	"Entry Term Replacement for ""High-Throughput Nucleotide Sequencing"";RtM via: High-Throughput Nucleotide Sequencing;RtM via: Massively-Parallel Sequencing"	AB	MM;RC	"61^26^0
"
14630646	Pregnancy	C0032961	471593	CT	Birth;CT Treecode Lookup: G08.686.784.769.490 (Birth)	TI	"MM
"
14630646	Female	C0086287	471593	CT	Birth;CT Treecode Lookup: G08.686.784.769.490 (Birth)	TI	"MM
"
14630646	Humans	C0086418	1000	CT	Forced Treecode Turn Back On: G08.686.784.769 (Pregnancy)		"MM
"
14630646	*Computational Biology	C0376528	470593	MH	RtM via: Bio-Informatics;Forced Leaf Node Lookup:bioinformatics	TI;AB	MM;RC	"106^14^0;27^14^0
"
14630646	Sequence Analysis	C0162801	78531	MH			"RC
"
14630646	Databases, Genetic	C0872179	49073	MH			"RC
"
14630646	Gene Expression Profiling	C0752248	23121	MH			"RC
"
14630646	*Birth	C0005615	2634	ET	"Entry Term Replacement for ""Parturition"";RtM via: Birth;RtM via: Childbirth"	TI	MM	"47^5^0
"
29072373	Cricetinae	C0018557	1196513	CT	Chinese Hamster;CT Treecode Lookup: B01.050.150.900.649.313.992.635.075.250 (Chinese Hamster);CHO Cells;CT Treecode Lookup: A11.251.210.200 (CHO Cells);CHO Cells;CT Treecode Lookup: A11.436.155 (CHO Cells);CT Text Lookup: hamster	TI	MM;RC	"98^7^0
"
29072373	Animals	C0003062	1196513	CT	Chinese Hamster;CT Treecode Lookup: B01.050.150.900.649.313.992 (Chinese Hamster);Chinese Hamster;CT Treecode Lookup: B01.050.150.900.649.313.992.635.075.250 (Chinese Hamster);CHO Cells;CT Treecode Lookup: A11.251.210.200 (CHO Cells);CHO Cells;CT Treecode Lookup: A11.436.155 (CHO Cells);CT Text Lookup: cho cells;CT Text Lookup: hamster	AB;TI	MM;RC	"139^9^0;98^7^0
"
29072373	Female	C0086287	1196513	CT	Ovary;CT Treecode Lookup: A05.360.319 (Ovary)		"MM
"
29072373	*Chinese Hamster	C0018555	1195513	ET	"Entry Term Replacement for ""Cricetulus"";RtM via: Chinese Hamster;RtM via: Chinese Hamster Ovary Cell;Forced Lookup:chinese hamster ovary;Forced Lookup:cho cells;checkForceMH Boosted"	TI;AB	MM;RC	"90^15^0;1525^8^0;249^8^0;139^9^0
"
29072373	*CHO Cells	C0085080	219783	MH	RtM via: Chinese Hamster Ovary Cell;Forced Lookup:chinese hamster ovary	AB;TI	MM;RC	"1525^8^0;249^8^0;139^9^0;90^21^0
"
29072373	Proteomics	C0872252	43697	MH	RtM via: Proteomics	AB	MM;RC	"875^10^0
"
29072373	Genomics	C0887950	38762	MH	RtM via: Genomics	AB	MM;RC	"848^8^0
"
29072373	Systems Biology	C1450477	35124	MH	RtM via: Systems Biology	AB	MM;RC	"1484^15^0
"
29072373	Metabolomics	C1328813	29794	MH	RtM via: Metabolomics	AB	MM;RC	"887^12^0
"
29072373	Glycomics	C1512223	20468	MH	RtM via: Glycomics	AB	MM;RC	"924^9^0
"
29072373	Cell Engineering	C0872130	14973	MH	RtM via: Cell Engineering	AB	MM;RC	"496^4^1;506^11^1
"
29072373	*Ovary	C0029939	4770	MH	RtM via: Ovary;RtM via: Both ovaries	TI	MM	"106^5^0
"
27899622	Databases, Protein	C0872249	299308	MH			"RC
"
27899622	*Knowledgebase	C0022752	296322	ET	"Entry Term Replacement for ""Knowledge Bases"";RtM via: Knowledge Bases;RtM via: UniProtKB;Forced Non-Leaf Node Lookup:knowledgebases"	TI;AB	MM;RC	"52^13^0;77^21^0;85^13^0
"
27899622	Proteome	C0751973	128329	MH	RtM via: Proteome	AB	MM;RC	"923^8^0;877^9^0;683^9^0;553^9^0
"
27899622	Sequence Analysis, Protein	C0751970	109305	MH			"RC
"
27899622	Computational Biology	C0376528	57126	MH			"RC
"
27899622	Software	C0037585	51806	MH	RtM via: HTML Browser	AB	MM;RC	"1158^8^0
"
27899622	Proteomics	C0872252	47966	MH			"RC
"
27899622	Amino Acid Sequence	C0002518	47521	MH	RtM via: Amino Acid Sequence	AB	MM;RC	"122^17^0
"
27899622	User-Computer Interface	C0042117	11378	MH			"RC
"
27899622	Genomics	C0887950	748	MH	RtM via: Genomics	AB	MM	"1069^7^0
"
15520816	*Drug Discovery	C0920472	95717	MH	RtM via: Drug Discovery;Forced Leaf Node Lookup:drug discovery	TI	MM	"66^14^0
"
15520816	Binding Sites	C0005456	125299	MH	RtM via: Binding Sites	AB	MM;RC	"260^13^0
"
15520816	Ligands	C0023688	89559	MH			"RC
"
15520816	Protein Binding	C0033618	88767	MH			"RC
"
15520816	Models, Molecular	C0026344	60711	MH			"RC
"
15520816	Structure-Activity Relationship	C0038477	60132	MH			"RC
"
15520816	Drug Design	C0013171	50912	MH			"RC
"
15520816	Computational Biology	C0376528	48458	MH			"RC
"
15520816	Computer Simulation	C0009609	22993	MH			"RC
"
15520816	Algorithms	C0002045	13091	MH			"RC
"
15520816	*Biophysical Phenomena	C2350452	6813	MH	RtM via: Docking -molecular interaction;RtM via: docking protein activity	TI;AB	MM	"21^7^0;726^15^0
"
22877768	*Systems Biology	C1450477	952644	MH	RtM via: Systems Biology;Forced Leaf Node Lookup:systems biology	TI;AB	MM;RC	"491^15^0;65^15^0
"
22877768	*Drug Discovery	C0920472	240171	MH	RtM via: Drug Discovery;Forced Leaf Node Lookup:drug discovery	TI;AB	MM;RC	"1717^14^0;392^14^0;35^14^0
"
22877768	Reproducibility of Results	C0035149	58596	MH	Forced Lookup:reliability	AB	MM	"1228^11^0
"
22877768	Computational Biology	C0376528	92615	MH			"RC
"
22877768	Genomics	C0887950	42533	MH			"RC
"
22877768	Databases, Factual	C0079199	37564	MH	RtM via: Databases	AB	MM;RC	"1489^9^0;1420^8^0;1101^9^0;880^9^0;769^9^0
"
22877768	Software	C0037585	35602	MH			"RC
"
22877768	*Systems Integrations	C0242722	22068	ET	"Entry Term Replacement for ""Systems Integration"";RtM via: Systems Integration"	TI	MM	"53^19^0
"
22877768	Proteomics	C0872252	19413	MH			"RC
"
22877768	Medicinal Herbs	C0025125	6007	ET	"Entry Term Replacement for ""Plants, Medicinal"";RtM via: Medicinal Herbs"	AB	MM;RC	"1559^15^0;1314^15^0;1114^15^0;969^15^0;313^15^0
"
15318951	*Sequence Alignment	C0080143	2502829	MH	RtM via: Sequence Alignment;Forced Leaf Node Lookup:sequence alignments	TI	MM;RC	"40^18^0
"
15318951	Sequence Analysis, Protein	C0751970	187524	MH			"RC
"
15318951	Amino Acid Sequence	C0002518	120350	MH	RtM via: Amino Acid Sequence	AB	MM;RC	"205^17^0
"
15318951	Software	C0037585	96895	MH			"RC
"
15318951	Computational Biology	C0376528	78003	MH			"RC
"
15318951	Algorithm	C0002045	63272	ET	"Entry Term Replacement for ""Algorithms"";RtM via: algorithm"	AB	MM;RC	"419^9^0;254^9^0
"
20816881	*Proteomics	C0872252	1128776	MH	RtM via: Proteomics;Forced Lookup:proteomic	TI;AB	MM;RC	"323^9^0;142^10^0
"
20816881	Tandem Mass Spectrometry	C0599748	247185	MH	RtM via: Tandem Mass Spectrometry;Forced Lookup:ms/ms	AB	MM;RC	"264^24^0;290^5^0;407^5^0
"
20816881	*Proteins	C0033684	936771	MH	RtM via: Proteins	TI;AB	MM;RC	"1398^8^0;108^7^0
"
20816881	*Peptides	C0030956	697779	MH	RtM via: Peptides;Forced Non-Leaf Node Lookup:peptides	TI;AB	MM;RC	"1314^7^0;1433^8^0;951^7^0;665^7^0;386^7^0;215^7^0;96^7^0
"
20816881	Databases, Protein	C0872249	369026	MH			"RC
"
20816881	Sequence Analysis, Protein	C0751970	170143	MH			"RC
"
20816881	Computational Biology	C0376528	86927	MH			"RC
"
20816881	Probabilities	C0033204	7858	ET	"Entry Term Replacement for ""Probability"";RtM via: Probability"	AB	MM;RC	"861^13^0
"
20816881	*Survey	C0038951	804	ET	"Entry Term Replacement for ""Surveys and Questionnaires"";RtM via: Surveys;Forced Non-Leaf Node Lookup:surveys"	TI;AB	MM	"697^8^0;23^6^0
"
27927225	*RNA	C0035668	55651	MH	RtM via: RNA;checkForceMH Boosted;Forced Non-Leaf Node Lookup:rna	TI;AB	MM	"138^3^0;60^3^0
"
27927225	*Computational Biology	C0376528	524028	MH	RtM via: Computational Biology	TI;AB	MM;RC	"124^13^1;142^7^1;46^13^1;64^7^1
"
27927225	Genomics	C0887950	83424	MH			"RC
"
27927225	Proteomics	C0872252	68077	MH			"RC
"
28667551	*Immune System	C0020962	472485	MH	RtM via: Immune system;Forced Non-Leaf Node Lookup:immune systems	TI;AB	MM;RC	"1049^13^0;923^13^0;531^13^0;422^15^0;307^13^0;97^13^0;37^13^0;688^13^0
"
28667551	Communicable Diseases	C0009450	31739	MH			"RC
"
28667551	Signal Transduction	C0037083	7168	MH			"RC
"
28667551	Homeostasis	C0019868	4848	MH	RtM via: tissue homeostasis	AB	MM;RC	"477^18^0
"
31027668	Animals	C0003062	1539697	CT	Zoonotic Diseases;CT Treecode Lookup: C22 (Zoonotic Diseases);Mosquito Vectors;CT Treecode Lookup: N06.850.310.350 (Mosquito Vectors);CT Text Lookup: animal;CT Text Lookup: animals;CT Text Lookup: avian influenza;CT Text Lookup: mosquito;CT Text Lookup: mosquito-borne	AB	MM;RC	"191^7^0;524^15^0;360^8^0
"
31027668	Humans	C0086418	1539697	CT	CT Text Lookup: human;CT Text Lookup: humans;CT Text Lookup: nurses	AB	MM;RC	"202^6^0;647^6^0
"
31027668	*Communicable Diseases, Emerging	C0872315	1538697	MH	RtM via: Communicable Diseases, Emerging;RtM via: Communicable Diseases, Reemerging;Forced Leaf Node Lookup:reemerging infectious diseases;Forced Leaf Node Lookup:emerging infectious diseases	TI;AB	MM;RC	"712^3^0;57^28^0;21^28^0;96^30^0
"
31027668	Influenza A Virus, H7N2 Subtype	C2936282	88551	MH	Forced Lookup:h7n2	AB	MM	"540^4^0
"
31027668	Mosquito Vectors	C4277713	1000	MH	Forced Culicidae and Vector: Anopheles		"MM
"
31027668	Zoonotic Diseases	C0043528	452671	ET	"Entry Term Replacement for ""Zoonoses"";RtM via: Zoonoses"	AB	MM;RC	"152^17^0
"
31027668	Public Health	C0034019	33612	MH			"RC
"
31027668	Morbidity	C0026538	5518	MH	RtM via: Morbidity - disease rate	AB	MM;RC	"334^9^0
"
28051192	Humans	C0086418	266424	CT	CT Text Lookup: human;CT Text Lookup: patient;CT Text Lookup: patients	AB	MM;RC	"93^5^0;782^8^0
"
28051192	Animals	C0003062	266424	CT	Disease Vectors;CT Treecode Lookup: N06.850.310.350 (Disease Vectors);Mosquito Vectors;CT Treecode Lookup: N06.850.310.350 (Mosquito Vectors);CT Text Lookup: animal;CT Text Lookup: cryptosporidiosis;CT Text Lookup: mosquitoes	AB	MM;RC	"1256^6^0;1577^17^0;2081^10^0
"
28051192	*Global Warming	C0206217	265424	MH	RtM via: Global Warming;Forced Leaf Node Lookup:global warming	TI;AB	MM;RC	"1609^14^0;21^14^0
"
28051192	Ecosystem	C0162358	26798	MH	RtM via: Ecosystem;RtM via: Habitat;Forced Lookup:ecosystems	AB	MM	"424^10^0;1205^8^0
"
28051192	Mosquito Vectors	C4277713	1000	MH	Forced Culicidae and Vector: Mosquitoes		"MM
"
28051192	Climate Change	C2718051	83966	MH	RtM via: Climate Change	AB	MM;RC	"2737^14^0;1760^14^0;1341^14^0;989^14^0
"
28051192	Infectious Diseases	C0009450	66294	ET	"Entry Term Replacement for ""Communicable Diseases"";RtM via: Communicable Diseases"	AB	MM;RC	"1402^19^0
"
28051192	Greenhouse Effect	C0206218	38775	MH			"RC
"
28051192	Disease Vectors	C0012656	30579	MH	RtM via: Disease Vectors	AB	MM;RC	"2024^6^0
"
28051192	Public Health	C0034019	17149	MH			"RC
"
28051192	Environmental Pollution	C0014419	13719	MH	RtM via: Pollution	AB	MM;RC	"1126^9^0
"
28051192	Outbreaks	C0012652	12318	ET	"Entry Term Replacement for ""Disease Outbreaks"";RtM via: Disease Outbreaks"	AB	MM;RC	"1450^9^0
"
28051192	Desertification	C0242227	11052	ET	"Entry Term Replacement for ""Conservation of Natural Resources"";RtM via: Desertification"	AB	MM;RC	"370^15^0
"
28051192	Agriculture	C0001829	5962	MH	RtM via: Agriculture	AB	MM;RC	"1015^12^0;351^12^0
"
27726779	Humans	C0086418	242260	CT	CT Text Lookup: patient;CT Text Lookup: patients	AB	MM;RC	"268^7^0;1163^8^0
"
27726779	*Immunocompromised Host	C0085393	241260	MH	RtM via: Immunocompromised Host;Forced Non-Leaf Node Lookup:immunocompromised patients	TI;AB	MM;RC	"1145^26^0;250^25^0;51^22^0
"
27726779	Immunologic Deficiency Syndromes	C0021051	17208	MH	RtM via: Immunologic Deficiency Syndromes;RtM via: Secondary immune deficiency disorder;RtM via: Immunodeficiency:Type:Pt:^Patient:Nom	AB	MM;RC	"977^16^0;593^28^0
"
27726779	Immune System	C0020962	8168	MH	RtM via: Immune system	AB	MM;RC	"117^13^0
"
27726779	Autoimmune Diseases	C0004364	6844	MH	RtM via: Autoimmune Diseases	AB	MM;RC	"760^19^0
"
27726779	Adaptive Immunity	C0678209	5934	MH	RtM via: Adaptive Immunity	AB	MM;RC	"365^17^0
"
27726779	Neoplasia	C0027651	5212	ET	"Entry Term Replacement for ""Neoplasms"";RtM via: Neoplasms"	AB	MM;RC	"749^9^0
"
27726779	Infections	C3714514	999	MH	Forced Non-Leaf Node Lookup:infections		MM;RC	"33^10^0;203^10^0;497^10^0;898^10^0;1063^10^0;1125^10^0
"
29165905	Humans	C0086418	359047	CT	CT Text Lookup: human;CT Text Lookup: humans	AB	MM;RC	"735^6^0
"
29165905	*Nucleic Acid Amplification Techniques	C0887813	358047	MH	RtM via: Loop-mediated Isothermal Amplification	TI;AB	MM;RC	"1194^4^0;943^4^0;800^4^0;483^4^0;170^4^0;130^38^0;61^4^0;21^38^0
"
29165905	DNA Primers	C0206416	75799	MH			"RC
"
29165905	Reverse Transcription	C0035380	28042	MH	RtM via: Reverse Transcription	AB	MM;RC	"615^21^0
"
29165905	DNA	C0012854	19674	MH	RtM via: DNA	AB	MM;RC	"186^3^0
"
29165905	Specificity	C0037791	8713	ET	"Entry Term Replacement for ""Sensitivity and Specificity"";RtM via: Specificity"	AB	MM;RC	"200^11^0
"
29165905	Infectious Diseases	C0009450	3995	ET	"Entry Term Replacement for ""Communicable Diseases"";RtM via: Communicable Diseases"	AB	MM;RC	"1503^18^0;686^19^0
"
27598145	Child	C0008059	1065745	CT	CT Text Lookup: children	AB	MM;RC	"138^8^0
"
27598145	Adult	C0001675	1065745	CT	CT Text Lookup: adult	AB	MM;RC	"151^6^0
"
27598145	Humans	C0086418	1065745	CT	CT Text Lookup: children	AB	MM;RC	"138^8^0
"
27598145	*Infectious Diseases	C0009450	1064745	ET	"Entry Term Replacement for ""Communicable Diseases"";RtM via: Communicable Diseases"	TI;AB	MM;RC	"93^19^0;21^19^0
"
27598145	Communicable Disease Control	C0009449	185140	MH			"RC
"
27598145	Knowledge	C0376554	16	MH	RtM via: Knowledge	AB	MM	"216^9^0
"
29040428	Animals	C0003062	504886	CT	Parasites;CT Treecode Lookup: B01.050.500.714 (Parasites)		"MM;RC
"
29040428	*Sequencing, Next-Generation	C2936621	503886	ET	"Entry Term Replacement for ""High-Throughput Nucleotide Sequencing"";RtM via: High-Throughput Nucleotide Sequencing;RtM via: Massively-Parallel Sequencing;Forced Non-Leaf Node Lookup:next-generation sequencing"	TI;AB	MM;RC	"865^4^0;569^4^0;175^26^0;75^26^0
"
29040428	*Metagenomes	C2717745	260676	ET	"Entry Term Replacement for ""Metagenome"";RtM via: Metagenome"	TI;AB	MM;RC	"865^4^0;569^4^0;163^11^0;63^11^0
"
29040428	Metagenomics	C2717799	105623	MH			"RC
"
29040428	Viruses	C0042776	55748	MH	RtM via: Virus	AB	MM;RC	"423^7^0
"
29040428	Fungi	C0016832	47974	MH	RtM via: Fungi	AB	MM;RC	"401^5^0
"
29040428	Bacteria	C0004611	47419	MH	RtM via: Bacteria	AB	MM;RC	"391^8^0
"
29040428	Sequence Analysis, DNA	C0162802	42655	MH			"RC
"
29040428	Communicable Diseases	C0009450	24780	MH			"RC
"
29040428	Molecular Diagnostic Techniques	C0949688	15651	MH			"RC
"
29040428	Clinical Laboratory Services	C3658216	9530	MH	RtM via: Clinical Laboratory Services	AB	MM;RC	"822^8^1;844^12^1
"
29040428	Parasites	C0030498	4710	MH	RtM via: Parasites	AB	MM;RC	"408^9^0
"
29040428	Diagnostic Tests, Routine	C0011930	4111	MH	RtM via: Fungi Measurement	AB	MM;RC	"401^5^0
"
29040428	Laboratories	C0022877	3464	MH	RtM via: Laboratory	AB	MM;RC	"844^12^0
"
30120891	United States	C0041703	352754	CT	USA Lookup:Public Health Service		"MM
"
30120891	Animals	C0003062	352754	CT	Disease Vectors;CT Treecode Lookup: N06.850.310.350 (Disease Vectors);CT Text Lookup: animal;CT Text Lookup: animals	AB	MM;RC	"962^7^0
"
30120891	Humans	C0086418	352754	CT	CT Text Lookup: human	AB	MM;RC	"145^5^0
"
30120891	*Climate Change	C2718051	351754	MH	RtM via: Climate Change;Forced Lookup:climate change	TI;AB	MM;RC	"849^14^0;96^14^0;49^14^0
"
30120891	*Vector Borne Diseases	C1640363	42997	MH	RtM via: Vector Borne Diseases;Forced New Lookup:vector-borne disease	TI	MM	"67^21^0
"
30120891	Infectious Diseases	C0009450	149519	ET	"Entry Term Replacement for ""Communicable Diseases"";RtM via: Communicable Diseases"	AB	MM;RC	"364^19^0
"
30120891	Disease Vectors	C0012656	141664	MH	RtM via: Disease Vectors	AB	MM;RC	"1336^6^0;589^6^0
"
30120891	Arctic Regions	C0003740	46181	MH	RtM via: Arctic Regions	AB	MM;RC	"650^6^0
"
30120891	Public Health	C0034019	21916	MH			"RC
"
30120891	*Future	C0016884	18456	ET	"Entry Term Replacement for ""Forecasting"";RtM via: Future"	TI;AB	MM;RC	"787^6^0;42^6^0
"
30120891	New Territories	C0524613	0	ET	"Entry Term Replacement for ""Hong Kong"";RtM via: New Territories"	AB	MM	"518^15^0
"
23746171	Transfer Factor	C0040673	46746	MH	RtM via: Transfer Factor	AB	MM;RC	"1150^15^0;897^2^0;677^2^0;545^15^0;125^15^0
"
23746171	T-Lymphocytes	C0039194	20508	MH	RtM via: T-Lymphocyte	AB	MM;RC	"264^13^0
"
23746171	Cell-Mediated Immunity	C0020966	19693	ET	"Entry Term Replacement for ""Immunity, Cellular"";RtM via: Cellular Immunity"	AB	MM;RC	"726^3^0;232^22^0
"
23746171	Neoplasias	C0027651	11662	ET	"Entry Term Replacement for ""Neoplasms"";RtM via: Neoplasms"	AB	MM;RC	"435^10^0
"
23746171	Tuberculosis	C0041296	9732	MH	RtM via: Tuberculosis	AB	MM;RC	"861^12^0
"
23746171	Autoimmune Diseases	C0004364	7334	MH	RtM via: Autoimmune Diseases	AB	MM;RC	"461^19^0
"
23746171	Immunologic Deficiency Syndromes	C0021051	6891	MH	RtM via: Immunologic Deficiency Syndromes	AB	MM;RC	"415^18^0
"
23746171	Adjuvants, Immunologic	C0001551	3858	MH	RtM via: Immunologic Adjuvants	AB	MM;RC	"778^8^0;315^8^0
"
30341241	*Polymerase Chain Reaction	C0032520	227664	MH	RtM via: Digital Array;RtM via: Polymerase Chain Reaction;Forced Non-Leaf Node Lookup:polymerase chain reactions	TI;AB	MM;RC	"978^5^0;813^33^0;613^33^0;415^33^0;44^11^0;380^25^0;110^25^0;423^25^0;507^25^0;621^25^0;821^25^0;1120^25^0;52^3^0;137^3^0
"
30341241	*Infectious Diseases	C0009450	118776	ET	"Entry Term Replacement for ""Communicable Diseases"";RtM via: Communicable Diseases"	TI;AB	MM;RC	"872^19^0;736^19^0;83^19^0
"
30341241	Molecular Diagnostic Techniques	C0949688	46735	MH			"RC
"
30341241	Deoxyribonucleic Acid	C0012854	13810	ET	"Entry Term Replacement for ""DNA"";RtM via: DNA"	AB	MM;RC	"600^3^0;200^21^0
"
30341241	Viral Diseases	C0042769	13716	ET	"Entry Term Replacement for ""Virus Diseases"";RtM via: Virus Diseases"	AB	MM;RC	"903^14^0
"
30341241	Bacterial Infections	C0004623	10197	MH	RtM via: Bacterial Infections	AB	MM;RC	"919^18^0
"
26479830	Animals	C0003062	417691	CT	Disease Vectors;CT Treecode Lookup: N06.850.310.350 (Disease Vectors)		"RC
"
26479830	Humans	C0086418	417691	CT	Forced Leaf Node Lookup:humans;CT Text Lookup: human;CT Text Lookup: humans	TI;AB	MM;RC	"49^5^0;99^5^0;775^6^0;270^5^0;403^5^0;478^5^0;893^5^0
"
26479830	*Climate Change	C2718051	240422	MH	RtM via: Climate Change;Forced Lookup:climate change	TI;AB	MM;RC	"1356^14^0;1055^14^0;832^14^0;385^14^0;123^14^0;31^14^0;1497^14^0;1698^14^0
"
26479830	*Infectious Diseases	C0009450	416691	ET	"Entry Term Replacement for ""Communicable Diseases"";RtM via: Communicable Diseases"	TI;AB	MM;RC	"1375^19^0;701^19^0;409^19^0;55^19^0
"
26479830	*Acclimatization	C0000934	59943	MH	RtM via: Acclimatization	TI;AB	MM;RC	"1253^10^0;105^10^0
"
26479830	Disease Vectors	C0012656	33536	MH			"RC
"
26479830	Weather	C0043085	30020	MH	RtM via: Weather	AB	MM;RC	"168^7^0
"
26479830	*Adaptation, Physiological	C0001400	12951	MH	RtM via: Adaptation	TI;AB	MM;RC	"1253^10^0;105^10^0
"
26479830	Resources	C0035201	65	ET	"Entry Term Replacement for ""Health Resources"";RtM via: Resources"	AB	MM	"1177^9^0
"
26479830	Extreme Weather	C5197889	62	MH	RtM via: Extreme Weather	AB	MM	"203^15^0
"
31691607	*Sequencing, Next-Generation	C2936621	378054	ET	"Entry Term Replacement for ""High-Throughput Nucleotide Sequencing"";RtM via: High-Throughput Nucleotide Sequencing;RtM via: Massively-Parallel Sequencing;Forced Non-Leaf Node Lookup:next-generation sequencing"	TI;AB	MM;RC	"1517^4^0;1457^4^0;1221^4^0;1017^4^0;652^4^0;596^4^0;473^4^0;108^26^0;21^4^0
"
31691607	*Metagenomes	C2717745	244647	ET	"Entry Term Replacement for ""Metagenome"";RtM via: Metagenome"	TI;AB	MM;RC	"1517^4^0;1457^4^0;1221^4^0;1017^4^0;652^4^0;596^4^0;473^4^0;96^11^0;21^4^0
"
31691607	Metagenomics	C2717799	113280	MH			"RC
"
31691607	*Clinical Laboratory Services	C3658216	93870	MH	RtM via: Clinical Laboratory Services	TI;AB	MM;RC	"1555^8^1;1577^12^1;1258^21^0;175^21^0;29^8^1;51^12^1
"
31691607	Infectious Diseases	C0009450	54155	ET	"Entry Term Replacement for ""Communicable Diseases"";RtM via: Communicable Diseases;RtM via: Clinical infection"	AB	MM;RC	"1057^18^0;631^19^0
"
31691607	*Laboratories	C0022877	12753	MH	RtM via: Laboratory	TI;AB	MM	"1577^12^0;51^12^0
"
31691607	Quality Control	C0034378	10851	MH	RtM via: quality control	AB	MM;RC	"1141^15^0
"
31691607	Workflow	C1710679	6707	MH	RtM via: Workflow	AB	MM;RC	"1374^9^0;1120^8^0
"
31691607	Test, Routine Diagnostic	C0011930	5938	ET	"Entry Term Replacement for ""Diagnostic Tests, Routine"";RtM via: Diagnostic Tests, Routine"	AB	MM;RC	"485^23^0
"
31691607	Antibiotic	C0003232	4035	ET	"Entry Term Replacement for ""Anti-Bacterial Agents"";RtM via: Antibiotics"	AB	MM;RC	"847^10^0
"
30911807	Humans	C0086418	1000	CT	Forced Humans: Transplant Recipients		"MM
"
30911807	*Transplant Recipients	C0376387	100022	MH	Forced Leaf Node Lookup:transplant recipients	TI	MM;RC	"95^21^0
"
30911807	Opportunistic Infections	C0029118	130474	MH	RtM via: Opportunistic Infections	AB	MM;RC	"339^24^0
"
30911807	*Infectious Diseases	C0009450	96483	ET	"Entry Term Replacement for ""Communicable Diseases"";RtM via: Communicable Diseases"	TI	MM	"60^19^0
"
30911807	Organ Transplantation	C0029216	90565	MH			"RC
"
30911807	Immunocompromised Host	C0085393	65385	MH			"RC
"
30911807	Immunosuppressive Agents	C0021081	16405	MH			"RC
"
30911807	Risk Factors	C0035648	3918	MH			"RC
"
29785478	Nepal	C0027689	37715	MH	RtM via: Nepal;Forced Leaf Node Lookup:nepal	TI;AB	MM;RC	"1161^5^0;134^5^0;62^5^0
"
29785478	Influenza A Virus, H1N1 Subtype	C1615607	28724	MH	Forced Lookup:h1n1	AB	MM	"653^4^0
"
29785478	Influenza A Virus, H5N1 Subtype	C1613950	28724	MH	Forced Lookup:h5n1	AB	MM	"644^4^0
"
29785478	Communicable Diseases	C0009450	193786	MH			"RC
"
29785478	Outbreaks	C0012652	67223	ET	"Entry Term Replacement for ""Disease Outbreaks"";RtM via: Disease Outbreaks"	AB	MM;RC	"749^9^0
"
29785478	Dengue Fever	C0011311	40095	ET	"Entry Term Replacement for ""Dengue"";RtM via: Dengue Fever"	AB	MM;RC	"605^12^0
"
29785478	Public Health	C0034019	25375	MH	RtM via: public health medicine (field)	AB	MM;RC	"903^13^0;690^13^0
"
29785478	Endemic Diseases	C0277550	23094	MH	RtM via: Endemic Diseases	AB	MM;RC	"762^16^0
"
29785478	Scrub Typhus	C0036472	15822	MH	RtM via: Scrub Typhus	AB	MM;RC	"619^12^0
"
29785478	HIV Coinfection	C4505456	9720	ET	"Entry Term Replacement for ""HIV Infections"";RtM via: HIV Coinfection"	AB	MM;RC	"793^3^1;800^11^1
"
30173662	Animals	C0003062	393172	CT	Disease Vectors;CT Treecode Lookup: N06.850.310.350 (Disease Vectors)		"MM;RC
"
30173662	*Poverty	C0032854	56110	MH	RtM via: Poverty;Forced Leaf Node Lookup:poverty	TI;AB	MM;RC	"645^7^0;269^7^0;157^7^0
"
30173662	*Diagnostic Tests, Routine	C0011930	50899	MH	RtM via: Diagnostic tests;Forced Leaf Node Lookup:diagnostic tests	TI	MM;RC	"90^16^0
"
30173662	*Infectious Diseases	C0009450	392172	ET	"Entry Term Replacement for ""Communicable Diseases"";RtM via: Communicable Diseases"	TI	MM;RC	"134^19^0
"
30173662	*Disease Vectors	C0012656	293004	MH	RtM via: Disease Vectors	TI;AB	MM;RC	"234^6^0;111^6^0
"
30173662	Dengue	C0011311	20350	MH			"RC
"
30173662	Malaria	C0024530	19721	MH			"RC
"
30173662	Urban Health	C0041933	7532	MH			"RC
"
30209913	Humans	C0086418	41695	CT	CT Text Lookup: patient;CT Text Lookup: patients	AB	MM;RC	"623^8^0
"
30209913	Communicable Diseases	C0009450	40695	MH			"RC
"
30209913	Anti-Infective Agents	C0003204	36678	MH	RtM via: Microbicides	AB	MM;RC	"87^14^0
"
30209913	Nosocomial Infection	C0205721	11212	ET	"Entry Term Replacement for ""Cross Infection"";RtM via: Cross Infection;RtM via: Infections, Hospital"	AB	MM;RC	"545^20^0
"
30209913	Fungal Infection	C0026946	8925	ET	"Entry Term Replacement for ""Mycoses"";RtM via: Mycoses"	AB	MM;RC	"682^16^0
"
30209913	HIV Infections	C0019693	4594	MH			"RC
"
30209913	Immunocompromised Host	C0085393	2774	MH	RtM via: Immunocompromised Host	AB	MM;RC	"879^25^0
"
30209913	Sepsis	C0243026	1274	MH	RtM via: Sepsis;RtM via: Septicemia	AB	MM	"811^6^0
"
30209913	Infection Control	C0085557	722	MH	RtM via: Infectious disease prevention / control	AB	MM	"975^17^0
"
30209913	Peer Review	C0030768	304	MH			"RC
"
30209913	Biofilms	C0081786	57	MH	RtM via: Microbial Biofilms	AB	MM	"723^8^0
"
30209913	Enterocolitis, Pseudomembranous	C0014358	41	MH	RtM via: Clostridium difficile colitis	AB	MM	"591^31^0
"
30209913	Syndrome	C0039082	31	MH	RtM via: clinical syndromes	AB	MM	"787^18^0
"
30209913	Transplant	C0332835	16	ET	"Entry Term Replacement for ""Transplants"";RtM via: Transplanted tissue"	AB	MM	"940^10^0
"
23669075	Escherichia coli	C0014834	24409	MH	Forced Lookup:e. coli	AB	MM	"1093^7^0
"
23669075	*Biomarkers	C0005516	94362	MH	RtM via: Biological Markers;Forced Non-Leaf Node Lookup:biomarkers	TI;AB	MM;RC	"1013^10^0;412^10^0;523^7^0;21^10^0;586^10^0
"
23669075	THBD protein, human	C2744539	90231	NM	RtM via: THBD protein, human	AB	MM	"842^14^0
"
23669075	Thrombomodulin	C0145779	90230	HM	RtM via: Thrombomodulin;RtM via: THBD protein, human	AB	MM;RC	"842^14^0
"
23669075	Vascular Cell Adhesion Molecule-1	C0078056	50405	MH			"RC
"
23669075	Sepsis	C0243026	49117	MH	RtM via: Sepsis;RtM via: Septicemia	AB	MM;RC	"1085^6^0;633^28^0;237^6^0
"
23669075	E-Selectin	C0115305	43713	MH			"RC
"
23669075	von Willebrand Factor	C0042971	39224	MH	RtM via: von Willebrand factor;RtM via: von Willebrand factor, human	AB	MM;RC	"805^21^0
"
23669075	Septic Shock	C0036983	37697	ET	"Entry Term Replacement for ""Shock, Septic"";RtM via: Septic Shock"	AB	MM;RC	"248^12^0
"
23669075	Endothelial Cell	C0225336	36064	ET	"Entry Term Replacement for ""Endothelial Cells"";RtM via: Endothelial Cells"	AB	MM;RC	"714^16^0
"
23669075	Cell Adhesion Molecules	C0007578	31775	MH	RtM via: Cell Adhesion Molecules	AB	MM;RC	"867^4^1;880^18^1
"
23669075	Endothelium, Vascular	C0014261	29409	MH			"RC
"
23669075	*Vascular Diseases	C0042373	9801	MH	RtM via: Endothelial dysfunction	TI;AB	MM	"387^23^0;100^23^0;35^11^1;58^11^1
"
10642539	Animals	C0003062	1182400	CT	Animals, Wild;CT Treecode Lookup: B01.050.050 (Animals, Wild);Zoonoses;CT Treecode Lookup: C22 (Zoonoses);Animals, Domestic;CT Treecode Lookup: B01.050.050 (Animals, Domestic);CT Text Lookup: animal;CT Text Lookup: animals	AB	MM;RC	"167^7^0
"
10642539	Humans	C0086418	1182400	CT	Forced Leaf Node Lookup:humans;CT Text Lookup: human	TI;AB	MM;RC	"91^5^0;399^5^0;485^5^0;670^5^0
"
10642539	*Animals, Wild	C0003070	1181400	MH	RtM via: Animals, Wild;Forced Leaf Node Lookup:wild animals	TI;AB	MM;RC	"591^8^0;162^12^0;327^8^0;53^8^0
"
10642539	*Communicable Diseases, Emerging	C0872315	1115049	MH	RtM via: Communicable Diseases, Emerging;Forced Leaf Node Lookup:emerging infectious diseases	TI;AB	MM;RC	"701^4^0;268^4^0;111^28^0;21^28^0
"
10642539	Zoonoses	C0043528	244402	MH			"RC
"
10642539	Animals, Domestic	C0003063	165149	MH	RtM via: Animals, Domestic	AB	MM;RC	"650^15^0;307^16^0;494^15^0
"
10642539	*Biodiversity	C0282469	154509	MH	RtM via: Biodiversity;Forced Non-Leaf Node Lookup:biodiversity	TI;AB	MM;RC	"762^12^0;74^12^0
"
10642539	Communicable Diseases	C0009450	117368	MH			"RC
"
10642539	Disease Reservoirs	C0012653	82751	MH			"RC
"
10642539	Conservation of Natural Resources	C0009799	40497	MH			"RC
"
29702253	Animals	C0003062	369950	CT	Mesocricetus;CT Treecode Lookup: B01.050.150.900.649.313.992 (Mesocricetus);Mesocricetus;CT Treecode Lookup: B01.050.150.900.649.313.992.635.075.250 (Mesocricetus)		"MM;RC
"
29702253	Cricetinae	C0018557	369950	CT	Mesocricetus;CT Treecode Lookup: B01.050.150.900.649.313.992.635.075.250 (Mesocricetus)		"MM
"
29702253	Humans	C0086418	1000	CT	Forced Humans: Transients and Migrants		"MM
"
29702253	*Transients and Migrants	C0040705	368950	MH	RtM via: Migrants;Forced Leaf Node Lookup:migrants	TI;AB	MM;RC	"351^7^0;168^8^0;72^8^0
"
29702253	Syria	C0039138	129881	MH	RtM via: Syria;Forced Leaf Node Lookup:syrians	AB;TI;TI;AB	MM;RC	"240^5^0;52^6^0
"
29702253	Eritrea	C0014716	42194	MH	RtM via: Eritrea;Forced Leaf Node Lookup:eritrea	TI;AB	MM;RC	"249^7^0;63^8^0
"
29702253	*Infectious Disease	C0009450	279174	ET	"Entry Term Replacement for ""Communicable Diseases"";RtM via: Communicable Diseases"	TI;AB	MM;RC	"386^19^0;21^18^0
"
29702253	Refugees	C0034961	48060	MH			"RC
"
29702253	Europe	C0015176	40761	MH	RtM via: Europe;Forced Non-Leaf Node Lookup:europe	TI;AB	MM;RC	"306^6^0;190^6^0;95^6^0
"
29702253	*Mesocricetus	C0025484	2505	MH	RtM via: Mesocricetus auratus	TI	MM	"52^6^0
"
29217262	Animals	C0003062	88027	CT	Animal Diseases;CT Treecode Lookup: C22 (Animal Diseases)	AB	"MM
"
29217262	Infectious Disease	C0009450	87027	ET	"Entry Term Replacement for ""Communicable Diseases"";RtM via: Communicable Diseases"	AB	MM;RC	"832^19^0;668^19^0;335^18^0;125^19^0
"
29217262	Philosophy, Medical	C0031536	22023	MH			"RC
"
29217262	Noncommunicable Diseases	C4505065	779	MH	RtM via: Noncommunicable Diseases	AB	MM	"896^24^0;208^24^0
"
29217262	Dissent and Disputes	C1136019	217	MH	RtM via: Disputes	AB	MM	"481^5^0;294^6^0
"
29217262	Animal Diseases	C0003047	122	MH	RtM via: Disease model	AB	MM	"633^13^0;405^13^0
"
27304507	Humans	C0086418	1687103	CT	CT Text Lookup: human;CT Text Lookup: humans	AB	MM;RC	"296^6^0
"
27304507	*Metformin	C0025598	1686103	MH	RtM via: Metformin;checkForceMH Boosted;Forced Non-Leaf Node Lookup:metformin	TI;AB	MM;RC	"203^9^0;21^9^0;353^9^0
"
27304507	*Aging	C0001811	526182	MH	RtM via: Aging;Forced Non-Leaf Node Lookup:age-related diseases	TI;AB	MM;RC	"342^5^0;64^5^0;51^5^0;272^20^0
"
27304507	Lifespan	C0870809	458930	ET	"Entry Term Replacement for ""Longevity"";RtM via: Life Span;RtM via: Longevity"	AB	MM;RC	"158^8^0
"
27304507	Hypoglycemic Agents	C0020616	99095	MH			"RC
"
27304507	Diet	C0012155	4892	MH	RtM via: Diet	AB	MM;RC	"103^7^0
"
27247702	Humans	C0086418	1254271	CT	CT Text Lookup: human	AB	MM;RC	"145^5^0
"
27247702	*Reactive Oxygen Species	C0162772	828951	MH	RtM via: Reactive Oxygen Species;Forced Leaf Node Lookup:reactive oxygen species;Forced Leaf Node Lookup:ros;checkForceMH Boosted	TI;AB	MM;RC	"1240^3^0;1084^3^0;626^3^0;485^3^0;390^23^0;21^3^0;415^3^0
"
27247702	Epigenesis, Genetic	C1257873	105169	MH	Forced Lookup:epigenetic regulation	AB	MM;RC	"1259^21^0
"
27247702	*Cell Senescence	C0007581	1253271	ET	"Entry Term Replacement for ""Cellular Senescence"";RtM via: Cellular Senescence;RtM via: Induction of Cell Senescence;Forced Non-Leaf Node Lookup:cell senescence"	TI;AB	MM;RC	"1284^15^0;886^15^0;705^15^0;667^15^0;575^15^0;26^15^0;1099^24^0;1108^15^0
"
27247702	*Aging	C0001811	391572	MH	RtM via: Aging;Forced Non-Leaf Node Lookup:age-related diseases	TI;AB	MM;RC	"1304^5^0;783^5^0;631^5^0;321^5^0;77^5^0;87^20^0;119^5^0;1163^5^0;1407^5^0
"
27247702	Oxidative Stress	C0242606	42270	MH			"RC
"
27247702	Signal Transduction	C0037083	27202	MH			"RC
"
31292558	Humans	C0086418	579116	CT	CT Text Lookup: human	AB	MM;RC	"761^5^0
"
31292558	*Healthy Aging	C2963171	578116	MH	RtM via: Healthy Aging;Forced Leaf Node Lookup:healthy ageing	TI	MM;RC	"77^14^0
"
31292558	*Aging	C0001811	487266	MH	RtM via: Aging	TI;AB	MM;RC	"691^6^0;480^6^0;240^6^0;134^6^0;41^6^0
"
31292558	Lifespan	C0870809	405218	ET	"Entry Term Replacement for ""Longevity"";RtM via: Life Span;RtM via: Longevity"	AB	MM;RC	"351^8^0;170^8^0
"
31292558	Rejuvenation	C0035016	70439	MH			"RC
"
31292558	Geriatrics	C0017469	66368	MH			"RC
"
31292558	Biomedical Research	C0005540	4864	MH			"RC
"
24840916	Humans	C0086418	291646	CT	Activities of Daily Living;CT Treecode Lookup: E02.760 (Activities of Daily Living);Activities of Daily Living;CT Treecode Lookup: N02.421.784 (Activities of Daily Living)		"RC
"
24840916	*Aging	C0001811	290646	MH	RtM via: Aging;Forced Non-Leaf Node Lookup:aging	TI;AB	MM;RC	"172^5^0;41^5^0
"
24840916	Health Status	C0018759	100325	MH			"RC
"
24840916	Activities of Daily Living	C0001288	71751	MH			"RC
"
24840916	Personal Satisfaction	C0031206	69883	MH			"RC
"
24840916	Quality of Life	C0034380	56004	MH			"RC
"
24840916	Adaptation, Psychological	C0683269	25571	MH			"RC
"
24840916	Social Support	C0037438	22726	MH			"RC
"
25417146	Animals	C0003062	219208	CT	CT Text Lookup: mammalian	AB	MM;RC	"74^9^0
"
25417146	Humans	C0086418	219208	CT	Forced Lookup:elderly population;CT Text Lookup: human	AB	MM;RC	"173^18^0;403^5^0
"
25417146	Aged	C0001792	1000	CT	Forced Age Group: elderly population; Forced Age Group: elderly		MM	"173^18^0;173^7^0
"
25417146	*Aging	C0001811	218208	MH	RtM via: Aging;Forced Non-Leaf Node Lookup:aging	TI;AB	MM;RC	"228^5^0;84^5^0;42^5^0
"
25417146	*Chronic Disease	C0008679	136878	MH	RtM via: Chronic disease;Forced Non-Leaf Node Lookup:chronic diseases	TI;AB	MM;RC	"280^16^0;51^15^0
"
25417146	Geriatrics	C0017469	75712	MH			"RC
"
25417146	Biomedical Research	C0005540	10589	MH			"RC
"
25417146	Morbidity	C0026538	6924	MH	RtM via: Morbidity - disease rate	AB	MM;RC	"310^9^0
"
25417146	Risk Factor	C0035648	156	ET	"Entry Term Replacement for ""Risk Factors"";RtM via: risk factors"	AB	MM	"250^11^0
"
21402176	Humans	C0086418	930151	CT	CT Text Lookup: patient;CT Text Lookup: patients	AB	MM;RC	"1342^8^0
"
21402176	Female	C0086287	930151	CT	CT Text Lookup: female	AB	MM;RC	"644^6^0
"
21402176	Aged	C0001792	1000	CT	Forced Age Group: older persons; Forced Age Group: older age; Forced Age Group: in older; Forced Age Group: elderly		MM	"568^13^0;633^9^0;565^8^0;295^7^0
"
21402176	Aged, 80 and over	C0001795	1000	CT	Forced Age Group: older persons		MM	"568^13^0
"
21402176	*Multimorbidity	C1535889	929151	MH	RtM via: Multimorbidity;Forced Leaf Node Lookup:multimorbidity	TI;AB	MM;RC	"1330^11^0;1008^14^0;937^14^0;797^14^0;716^14^0;550^14^0;226^14^0;32^14^0;357^14^0
"
21402176	Quality of Life	C0034380	156758	MH	RtM via: Poor quality of life;Forced Lookup:quality of life	AB	MM;RC	"851^20^0;856^15^0
"
21402176	Cross-Sectional Studies	C0010362	150833	MH	RtM via: Cross-Sectional Studies;Forced Lookup:cross-sectional	AB	MM;RC	"608^23^0
"
21402176	Chronic Diseases	C0008679	172973	ET	"Entry Term Replacement for ""Chronic Disease"";RtM via: Chronic disease"	AB	MM;RC	"1145^16^0
"
21402176	Comorbidity	C0009488	170766	MH			"RC
"
21402176	*Aging	C0001811	154119	MH	RtM via: Aging;Forced Non-Leaf Node Lookup:aging	TI	MM;RC	"21^5^0
"
21402176	Disabled Persons	C0018576	37591	MH	RtM via: Disability	AB	MM;RC	"816^10^0
"
21402176	Prevalence	C0033105	26504	MH	RtM via: Statistical Prevalence	AB	MM;RC	"536^10^0
"
21402176	Longitudinal Studies	C0023981	23569	MH	RtM via: Longitudinal Studies	AB	MM;RC	"745^20^0
"
23454759	*Cellular Senescence	C0007581	985899	MH	RtM via: Cellular Senescence;RtM via: Senescence-Associated Secretory Phenotype;Forced Non-Leaf Node Lookup:senescence-associated secretory phenotype	TI;AB	MM;RC	"739^15^0;459^19^0;21^19^0;529^41^0
"
23454759	*Phenotype	C0031437	151413	MH	RtM via: Phenotype;Forced Non-Leaf Node Lookup:phenotypes	TI	MM;RC	"69^9^0
"
23454759	DNA Damage	C0012860	38345	MH			"RC
"
23454759	Inflammation	C0021368	34163	MH	RtM via: Chronic inflammation	AB	MM;RC	"496^20^0
"
23454759	Signal Transduction	C0037083	30784	MH			"RC
"
23454759	Chronic Disease	C0008679	6653	MH	RtM via: Chronic disease	AB	MM;RC	"665^15^0;155^16^0
"
22265401	*Rejuvenation	C0035016	301182	MH	RtM via: Rejuvenation;Forced Leaf Node Lookup:rejuvenation	TI;AB	MM;RC	"485^12^0;28^12^0
"
22265401	*Epigenetic	C1655731	190569	ET	"Entry Term Replacement for ""Epigenomics"";RtM via: study of epigenetics"	TI;AB	MM;RC	"587^10^0;518^10^0;46^10^0
"
22265401	Cellular Senescence	C0007581	172018	MH	RtM via: Cellular Senescence	AB	MM;RC	"414^10^0
"
22265401	Cellular Reprogramming	C3850096	29064	MH			"RC
"
22265401	Epigenesis, Genetic	C1257873	21003	MH	Forced Non-Leaf Node Lookup:epigenetic		MM;RC	"46^10^0;518^10^0;587^10^0
"
30888656	*Skin	C1123023	551241	MH	RtM via: Skin;RtM via: Skin, Human	TI;AB	MM;RC	"1217^4^0;891^4^0;643^4^0;360^4^0;59^4^0;21^4^0
"
30888656	Skin Aging	C0037271	393746	MH	RtM via: Skin Aging	AB	MM;RC	"806^3^1;818^4^1
"
30888656	Ultraviolet Rays	C0041625	183810	MH	RtM via: Ultraviolet Rays	AB	MM;RC	"433^23^0
"
30888656	Dermis	C0011646	119466	MH	RtM via: Dermis	AB	MM;RC	"286^6^0
"
30888656	Extracellular Matrix	C0015350	45572	MH	RtM via: Extracellular Matrix	AB	MM;RC	"250^20^0
"
30888656	Fibroblasts	C0016030	34762	MH			"RC
"
30888656	Reactive Oxygen Species	C0162772	15034	MH	RtM via: Reactive Oxygen Species	AB	MM;RC	"752^23^0
"
30888656	Cells, Cultured	C0007635	14963	MH			"RC
"
15169926	Humans	C0086418	142861	CT	CT Text Lookup: individuals	AB	MM;RC	"1973^11^0
"
15169926	Aged	C0001792	1000	CT	Forced Age Group: older people; Forced Age Group: geriatric; Forced Age Group: in older		MM	"176^12^0;39^9^0;955^8^0
"
15169926	Aged, 80 and over	C0001795	1000	CT	Forced Age Group: older people		MM	"176^12^0
"
15169926	*Pharmacology, Clinical	C0031332	117705	MH	RtM via: Clinical pharmacology discipline;Forced Leaf Node Lookup:clinical pharmacology	TI	MM;RC	"49^21^0
"
15169926	*Biological Aging	C0085759	141861	ET	"Entry Term Replacement for ""Aging"";RtM via: Biological Aging;RtM via: Aging"	TI;AB	MM;RC	"21^13^0;902^5^0;759^5^0;322^5^0;89^5^0
"
15169926	Pharmaceutical Preparations	C0013227	81484	MH	RtM via: Pharmaceutical Preparations	AB	MM;RC	"823^4^0;376^4^0
"
15169926	Metabolic Clearance Rate	C0025515	63556	MH	RtM via: hepatic drug clearance	AB	MM;RC	"864^22^0
"
15169926	Polypharmacy	C2922974	57722	MH	RtM via: Polypharmacy	AB	MM;RC	"1619^12^0
"
15169926	Reactions, Adverse Drug	C0041755	54106	ET	"Entry Term Replacement for ""Drug-Related Side Effects and Adverse Reactions"";RtM via: Adverse reaction to drug"	AB	MM;RC	"1592^22^0;1160^22^0
"
15169926	Kidney	C0022646	26801	MH	RtM via: Kidney	AB	MM;RC	"896^5^0
"
15169926	Age Factors	C0001783	21975	MH			"RC
"
15169926	Bioavailability	C0005508	9530	ET	"Entry Term Replacement for ""Biological Availability"";RtM via: Biological Availability;RtM via: Bioavailability Study"	AB	MM;RC	"666^15^0
"
15169926	Liver	C0023884	5511	MH	RtM via: Hepatic	AB	MM;RC	"708^7^0
"
28118636	Humans	C0086418	579145	CT	CT Text Lookup: human;CT Text Lookup: humans	AB	MM;RC	"256^6^0
"
28118636	Mice	C0026809	579145	CT	RtM via: Mus;Transgenic Mouse;CT Treecode Lookup: B01.050.150.900.649.313.992.635.505.500 (Transgenic Mouse);CT Text Lookup: mouse;CT Text Lookup: transgenic mouse;RtM via: Mus;Transgenic Mouse;CT Treecode Lookup: B01.050.150.900.649.313.992.635.505.500 (TransgeniRtM via: Mus;Transgenic Mouse;CT Treecode Lookup: B01.050.050 (Transgenic Mouse);Transgenic Mouse;CTCT Text Lookup: human;CT Text Lookup: humans	TI;AB	MM;RC	"89^5^0;57^5^0;643^16^0
"
28118636	Animals	C0003062	579145	CT	RtM via: Mus;Transgenic Mouse;CT Treecode Lookup: B01.050.050 (Transgenic Mouse);Transgenic Mouse;CT Treecode Lookup: B01.050.150.900.649.313.992 (Transgenic Mouse);Transgenic Mouse;CT Treecode Lookup: B01.050.150.900.649.313.992.635.505.500 (Transgenic Mouse);Models, Animal;CT Treecode Lookup: E05.598 (Models, Animal);Disease Models, Animal;CT Treecode Lookup: C22 (Disease Models, Animal);Disease Models, Animal;CT Treecode Lookup: E05.598 (Disease Models, Animal);CT Text Lookup: mammalian;CT Text Lookup: mouse;CT Text Lookup: transgenic mouse;RtM via: Mus;Transgenic Mouse;CT Treecode Lookup: B01.050.050 (Transgenic Mouse);Transgenic Mouse;CTCT Text Lookup: human;CT Text Lookup: humans	TI;AB	MM;RC	"89^5^0;57^5^0;118^9^0;643^16^0
"
28118636	*Aging	C0001811	578145	MH	RtM via: Aging;Forced Non-Leaf Node Lookup:ageing	TI;AB	MM;RC	"585^6^0;156^6^0;43^6^0;406^6^0;741^6^0
"
28118636	Longevity	C0023980	511244	MH	RtM via: Longevity;RtM via: Life Span	AB	MM;RC	"679^8^0;831^9^0;200^8^0
"
28118636	Caloric Restriction	C1135809	229359	MH	RtM via: Caloric Restriction;RtM via: Low-Calorie Diet	AB	MM;RC	"784^19^0
"
28118636	*Energy Metabolism	C0014272	100332	MH	RtM via: Energy Metabolism;Forced Non-Leaf Node Lookup:energy metabolisms	TI	MM;RC	"21^17^0
"
28118636	Transgenic Mouse	C0025936	51813	ET	"Entry Term Replacement for ""Mice, Transgenic"";RtM via: Mice, Transgenic"	AB	MM;RC	"643^16^0
"
28118636	Disease Models, Animal	C0012644	9440	MH	RtM via: Mouse Model	AB	MM;RC	"355^12^0
"
28118636	Signal Transduction	C0037083	5976	MH			"RC
"
28790143	Humans	C0086418	602764	CT	Forced Leaf Node Lookup:humans;CT Text Lookup: human	TI	MM;RC	"58^5^0
"
28790143	*Healthy Aging	C2963171	113521	MH	RtM via: Healthy Aging;Forced Leaf Node Lookup:healthy aging	TI;AB	MM	"756^13^0;77^13^0
"
28790143	*Kidneys	C0022646	601764	ET	"Entry Term Replacement for ""Kidney"";RtM via: Kidney;RtM via: Both kidneys"	TI;AB	MM;RC	"176^6^0;64^7^0
"
28790143	Glomerular Filtration Rate	C0017654	231392	MH	RtM via: Estimated Glomerular Filtration Rate	AB	MM;RC	"1034^4^0
"
28790143	Nephron	C0027713	162544	ET	"Entry Term Replacement for ""Nephrons"";RtM via: Nephrons"	AB	MM;RC	"907^7^0;711^7^0;609^7^0
"
28790143	Nephrosclerosis	C0027719	105682	MH	RtM via: Nephrosclerosis	AB	MM;RC	"446^15^0
"
28790143	Kidney Glomerulus	C0022663	24343	MH	RtM via: Kidney Glomerulus	AB	MM;RC	"778^10^0
"
28790143	Albuminuria	C0001925	15962	MH	RtM via: Albuminuria	AB	MM;RC	"938^11^0
"
28790143	Aging	C0001811	13820	MH	RtM via: Aging	AB	MM;RC	"98^5^0
"
28790143	Kidney Neoplasms	C0022665	9107	MH	RtM via: Simple renal cyst	AB	MM;RC	"354^18^0
"
28790143	Arteriosclerosis	C0003850	7637	MH	RtM via: Arteriosclerosis;RtM via: Global glomerulosclerosis;RtM via: Glomerulosclerosis (disorder)	AB	MM;RC	"830^16^0;463^16^0;500^25^0;807^18^0
"
23925498	Aged, 80 and over	C0001795	1482226	CT	CT Text Lookup: centenarian;CT Text Lookup: centenarians; Forced Age Group: centenarians	AB	MM;RC	"650^12^0;650^12^0
"
23925498	Humans	C0086418	1482226	CT	Forced Lookup:general population;CT Text Lookup: centenarian;CT Text Lookup: individuals	AB	MM;RC	"1824^18^0;650^12^0;256^11^0
"
23925498	Adult	C0001675	1000	CT	Forced Age Group: adulthood		MM	"187^9^0
"
23925498	*Longevity	C0023980	1481226	MH	RtM via: Longevity;RtM via: Life Span;Forced Leaf Node Lookup:lifespans;Forced Leaf Node Lookup:longevity	TI;AB	MM;RC	"1910^9^0;1808^8^0;1544^9^0;1467^9^0;560^9^0;390^9^0;68^9^0;51^9^0;438^9^0
"
23925498	*Healthy Aging	C2963171	216948	MH	RtM via: Healthy Aging;Forced Leaf Node Lookup:healthy aging	TI;AB	MM	"1892^13^0;1449^13^0;82^13^0;33^13^0
"
23925498	Genome-Wide Association Study	C2350277	201598	MH	RtM via: Genome-Wide Association Study;Forced Lookup:genome-wide association	AB	MM;RC	"1093^4^0;610^29^0
"
23925498	Aging	C0001811	137030	MH	RtM via: Aging	AB	MM;RC	"1534^5^0;951^5^0
"
23925498	SNPs	C0752046	36086	ET	"Entry Term Replacement for ""Polymorphism, Single Nucleotide"";RtM via: Single Nucleotide Polymorphism"	AB	MM;RC	"978^4^0;783^4^0
"
23925498	Phenotypes	C0031437	30415	ET	"Entry Term Replacement for ""Phenotype"";RtM via: Phenotype"	AB	MM;RC	"1878^10^0;123^10^0
"
23925498	Epigenesis, Genetic	C1257873	22390	MH	RtM via: Epigenetic Process	AB	MM;RC	"1478^11^0
"
23925498	Genetic Linkage	C0023745	14666	MH	RtM via: genetic linkage	AB	MM;RC	"323^7^0
"
23925498	Interactions, Gene-Environment	C0596609	12646	ET	"Entry Term Replacement for ""Gene-Environment Interaction"";RtM via: Gene-Environment Interaction"	AB	MM;RC	"1034^29^0
"
23925498	Alleles	C0002085	12401	MH	RtM via: Alleles	AB	MM;RC	"2071^7^0;1408^7^0;1394^7^0;1155^7^0
"
30124168	Humans	C0086418	364628	CT	CT Text Lookup: human	AB	MM;RC	"852^5^0
"
30124168	Lifespan	C0870809	363628	ET	"Entry Term Replacement for ""Longevity"";RtM via: Life Span;RtM via: Longevity"	AB	MM;RC	"794^8^0
"
30124168	*Aging	C0001811	338415	MH	RtM via: Aging;Forced Non-Leaf Node Lookup:aging	TI;AB	MM;RC	"641^5^0;331^5^0;244^5^0;50^5^0;675^5^0;749^5^0;820^5^0
"
30124168	Selection, Genetic	C0036576	93337	MH			"RC
"
30124168	Genetics, Population	C0017404	70228	MH	RtM via: Genetics, Population	AB	MM;RC	"183^18^0
"
30124168	Biological Evolution	C0015219	67971	MH			"RC
"
30124168	Models, Biological	C0026339	10092	MH			"RC
"
26232135	*Anorexia	C0003123	692067	MH	RtM via: Anorexia;RtM via: Loss of appetite (finding);Forced Leaf Node Lookup:anorexias	TI;AB	MM;RC	"1060^8^0;976^8^0;892^8^0;733^8^0;318^8^0;279^8^0;39^8^0
"
26232135	Appetite	C0003618	140627	MH	RtM via: Desire for food	AB	MM;RC	"223^8^0
"
26232135	Sarcopenia	C0872084	61317	MH	RtM via: Sarcopenia	AB	MM;RC	"1126^10^0
"
26232135	Nutritional Status	C0392209	45997	MH	RtM via: Nutritional status	AB	MM;RC	"1383^18^0
"
26232135	Energy Intake	C0006777	34096	MH			"RC
"
26232135	Eating	C0013470	30884	MH			"RC
"
26232135	Body Weight	C0005910	24901	MH	RtM via: Body Weight	AB	MM;RC	"169^6^0
"
26232135	Weight Loss	C1262477	14917	MH			"RC
"
26232135	Protein Energy Malnutrition	C0033677	12766	ET	"Entry Term Replacement for ""Protein-Energy Malnutrition"";RtM via: Protein-Energy Malnutrition"	AB	MM;RC	"1097^27^0
"
26232135	Body Composition	C0005885	8738	MH	RtM via: Body Composition	AB	MM;RC	"851^16^0
"
27771728	Animals	C0003062	536531	CT	CT Text Lookup: animal	AB	MM;RC	"786^6^0
"
27771728	Quality of Life	C0034380	68645	MH	Forced Lookup:quality of life	AB	MM	"2015^15^0
"
27771728	Suprachiasmatic Nuclei	C0038866	535531	ET	"Entry Term Replacement for ""Suprachiasmatic Nucleus"";RtM via: Structure of suprachiasmatic nucleus"	AB	MM;RC	"397^22^0
"
27771728	Clock, Circadian	C2936272	266821	ET	"Entry Term Replacement for ""Circadian Clocks"";RtM via: Circadian Clocks"	AB	MM;RC	"962^15^0
"
27771728	Circadian Rhythm	C0008810	217195	MH	RtM via: Circadian Rhythms	AB	MM;RC	"1082^16^0
"
27771728	*Aging	C0001811	171498	MH	RtM via: Aging	TI;AB	MM;RC	"946^5^0;66^5^0;38^5^0
"
27771728	Longevity	C0023980	109294	MH	RtM via: Longevity;RtM via: Life Span	AB	MM;RC	"1964^9^0;1560^9^0;669^10^0
"
27771728	CLOCK Proteins	C2717934	99012	MH			"RC
"
27771728	Caloric Restriction	C1135809	63143	MH	RtM via: Caloric Restriction;RtM via: Low-Calorie Diet	AB	MM;RC	"681^19^0
"
27771728	Feeding Behavior	C0015745	16614	MH			"RC
"
27771728	Values, Reference	C0086715	8811	ET	"Entry Term Replacement for ""Reference Values"";RtM via: Normal Range"	AB	MM;RC	"1158^16^0
"
28820053	Humans	C0086418	159844	CT	CT Text Lookup: individuals	AB	MM;RC	"369^11^0
"
28820053	Depressive Disorder, Major	C1269683	41482	MH	RtM via: Major Depressive Disorder;RtM via: Unipolar Depression;Forced Lookup:major depressive	AB	MM;RC	"261^25^0
"
28820053	*Neurobiology	C0027817	158844	MH	RtM via: Neurobiology	TI	MM;RC	"21^15^0
"
28820053	Resilience, Psychological	C0683253	100677	MH			"RC
"
28820053	Posttraumatic Stress Disorder	C0038436	63704	ET	"Entry Term Replacement for ""Stress Disorders, Post-Traumatic"";RtM via: Post-Traumatic Stress Disorder"	AB	MM;RC	"294^30^0
"
28820053	Stress, Psychological	C0038443	37863	MH			"RC
"
28820053	Psychopathology	C0033927	11996	MH	RtM via: Psychopathology	AB	MM;RC	"563^15^0
"
28820053	Brain	C0006104	6662	MH			"RC
"
25528930	Humans	C0086418	243010	CT	Forced Leaf Node Lookup:humans;CT Text Lookup: human;CT Text Lookup: humans	TI;AB	MM;RC	"111^5^0;143^6^0;333^5^0;992^5^0;1597^5^0
"
25528930	*Social Determinants of Health	C3658315	26944	MH	Forced Leaf Node Lookup:social determinants	TI	MM	"50^19^0
"
25528930	*Biological Aging	C0085759	242010	ET	"Entry Term Replacement for ""Aging"";RtM via: Aging;RtM via: Biological Aging"	TI;AB	MM;RC	"1574^6^0;1460^6^0;975^6^0;732^5^0;339^5^0;134^5^0;117^5^0;435^16^0
"
25528930	Adaptation, Psychological	C0683269	73223	MH			"RC
"
25528930	Social Behavior	C0037397	26734	MH	RtM via: Socializing	AB	MM;RC	"886^15^0
"
25528930	Attitude	C0004271	22011	MH	RtM via: Attitude	AB	MM;RC	"1069^9^0;834^8^0
"
28685671	Animals	C0003062	223810	CT	Models, Animal;CT Treecode Lookup: E05.598 (Models, Animal)		"RC
"
28685671	*Drug Discovery	C0920472	114893	MH	RtM via: Drug Discovery;Forced Leaf Node Lookup:drug discovery	TI	MM;RC	"81^14^0
"
28685671	*Aging	C0001811	222810	MH	RtM via: Aging;Forced Non-Leaf Node Lookup:aging	TI	MM;RC	"45^5^0
"
28685671	Lifespan	C0870809	207415	ET	"Entry Term Replacement for ""Longevity"";RtM via: Life Span;RtM via: Longevity"	AB	MM;RC	"546^9^0
"
28685671	Models, Animal	C0599779	14960	MH			"RC
"
28685671	*Models, Experimental	C0086272	7839	ET	"Entry Term Replacement for ""Models, Theoretical"";RtM via: Experimental Model;Forced Non-Leaf Node Lookup:experimental models"	TI	MM	"21^19^0
"
29301845	Animals	C0003062	324397	CT	CT Text Lookup: animal;CT Text Lookup: mammalian	AB	MM;RC	"1427^6^0;569^9^0
"
29301845	*Aging	C0001811	323397	MH	RtM via: Aging;Forced Non-Leaf Node Lookup:aging	TI;AB	MM;RC	"1262^5^0;785^5^0;708^5^0;636^5^0;553^5^0;182^5^0;47^5^0
"
29301845	Cellular Reprogramming	C3850096	287444	MH			"RC
"
29301845	Rejuvenation	C0035016	155927	MH	RtM via: Rejuvenation	AB	MM;RC	"1455^12^0
"
29301845	Induced Pluripotent Stem Cells	C2717959	140405	MH			"RC
"
29301845	Regenerative Medicine	C1257974	111502	MH	RtM via: Regenerative Medicine	AB	MM;RC	"747^21^0
"
29301845	Cellular Senescence	C0007581	84112	MH			"RC
"
29301845	Longevity	C0023980	64986	MH	RtM via: Longevity;RtM via: Life Span	AB	MM;RC	"1588^9^0;417^9^0
"
29301845	Cell Differentiation	C0007589	57033	MH	RtM via: Cell Differentiation process	AB	MM;RC	"909^14^0
"
29301845	Epigenesis, Genetic	C1257873	41068	MH			"RC
"
